AwayTeam,HomeTeam,qtr,min,sec,kickteam,distance,timerem,GOOD,Missed,Blocked,AwayTeam_encoded,HomeTeam_encoded,kickteam_encoded,AwayKick,Goal,HomeKick,is_home_team
IND,CLE,1,47,2,IND,30,2822,1,0,0,13,7,13,True,1,False,0
IND,HOU,1,54,47,IND,46,3287,1,0,0,13,12,13,True,1,False,0
TEN,IND,1,45,20,IND,28,2720,1,0,0,30,13,13,False,1,True,1
BAL,IND,1,45,42,IND,37,2742,1,0,0,2,13,13,False,1,True,1
CHI,IND,1,50,56,IND,39,3056,1,0,0,5,13,13,False,1,True,1
HOU,IND,1,50,43,IND,40,3043,1,0,0,12,13,13,False,1,True,1
IND,SD,1,46,45,IND,23,2805,1,0,0,13,25,13,True,1,False,0
KC,DEN,1,52,34,KC,26,3154,1,0,0,15,9,15,True,1,False,0
KC,OAK,1,46,12,KC,38,2772,1,0,0,15,22,15,True,1,False,0
PHI,ARI,1,49,46,PHI,45,2986,1,0,0,23,0,23,True,1,False,0
PHI,DAL,1,48,7,PHI,44,2887,1,0,0,23,8,23,True,1,False,0
PHI,DAL,1,55,48,PHI,34,3348,1,0,0,23,8,23,True,1,False,0
PHI,MIN,1,51,49,PHI,43,3109,1,0,0,23,17,23,True,1,False,0
PHI,MIN,1,45,2,PHI,51,2702,1,0,0,23,17,23,True,1,False,0
PHI,NYG,1,45,4,PHI,51,2704,1,0,0,23,20,23,True,1,False,0
CLE,PHI,1,45,52,PHI,24,2752,1,0,0,7,23,23,False,1,True,1
DAL,PHI,1,53,54,PHI,40,3234,1,0,0,8,23,23,False,1,True,1
WAS,PHI,1,45,28,PHI,50,2728,0,1,0,31,23,23,False,0,True,1
MIA,DEN,1,56,40,MIA,45,3400,1,0,0,16,9,16,True,1,False,0
MIA,DEN,1,51,1,MIA,47,3061,1,0,0,16,9,16,True,1,False,0
MIA,KC,1,56,52,MIA,34,3412,1,0,0,16,15,16,True,1,False,0
BAL,MIA,1,53,21,MIA,19,3201,1,0,0,2,16,16,False,1,True,1
BAL,MIA,1,53,26,MIA,21,3206,1,0,0,2,16,16,False,1,True,1
SD,MIA,1,47,53,MIA,47,2873,1,0,0,25,16,16,False,1,True,1
NO,ATL,1,47,18,NO,24,2838,1,0,0,19,1,19,True,1,False,0
NO,KC,1,45,31,NO,30,2731,1,0,0,19,15,19,True,1,False,0
NO,TB,1,50,44,NO,47,3044,1,0,0,19,29,19,True,1,False,0
STL,NE,1,53,53,STL,20,3233,1,0,0,28,18,28,True,1,False,0
STL,SF,1,56,5,STL,48,3365,0,1,0,28,27,28,True,0,False,0
MIA,STL,1,55,53,STL,23,3353,1,0,0,16,28,28,False,1,True,1
MIA,STL,1,46,53,STL,51,2813,1,0,0,16,28,28,False,1,True,1
STL,WAS,1,49,6,STL,51,2946,1,0,0,28,31,28,True,1,False,0
PHI,NYG,1,55,5,NYG,22,3305,1,0,0,23,20,20,False,1,True,1
WAS,NYG,1,48,3,NYG,24,2883,1,0,0,31,20,20,False,1,True,1
CAR,NYG,1,54,39,NYG,32,3279,1,0,0,4,20,20,False,1,True,1
NYG,PHI,1,51,48,NYG,27,3108,1,0,0,20,23,20,True,1,False,0
NYG,PIT,1,49,43,NYG,26,2983,1,0,0,20,24,20,True,1,False,0
NYG,WAS,1,47,15,NYG,31,2835,1,0,0,20,31,20,True,1,False,0
CAR,ATL,1,56,19,ATL,23,3379,1,0,0,4,1,1,False,1,True,1
TB,ATL,1,51,53,ATL,26,3113,1,0,0,29,1,1,False,1,True,1
CHI,ATL,1,54,15,ATL,29,3255,1,0,0,5,1,1,False,1,True,1
STL,ATL,1,55,7,ATL,39,3307,1,0,0,28,1,1,False,1,True,1
DEN,ATL,1,47,31,ATL,46,2851,1,0,0,9,1,1,False,1,True,1
CHI,ATL,1,46,3,ATL,48,2763,1,0,0,5,1,1,False,1,True,1
ATL,CAR,1,46,37,ATL,33,2797,1,0,0,1,4,1,True,1,False,0
ATL,GB,1,49,20,ATL,42,2960,1,0,0,1,11,1,True,1,False,0
ATL,SD,1,50,59,ATL,35,3059,1,0,0,1,25,1,True,1,False,0
ATL,SD,1,45,1,ATL,40,2701,1,0,0,1,25,1,True,1,False,0
NYJ,BUF,1,53,6,NYJ,26,3186,1,0,0,21,3,21,True,1,False,0
NYJ,BUF,1,45,22,NYJ,37,2722,0,1,0,21,3,21,True,0,False,0
NYJ,BUF,1,58,17,NYJ,37,3497,1,0,0,21,3,21,True,1,False,0
NYJ,NE,1,45,10,NYJ,22,2710,1,0,0,21,18,21,True,1,False,0
STL,NYJ,1,51,59,NYJ,22,3119,1,0,0,28,21,21,False,1,True,1
NE,NYJ,1,54,2,NYJ,31,3242,0,1,0,18,21,21,False,0,True,1
KC,NYJ,1,47,32,NYJ,36,2852,0,1,0,15,21,21,False,0,True,1
NYJ,OAK,1,56,44,NYJ,40,3404,1,0,0,21,22,21,True,1,False,0
NYJ,SEA,1,53,11,NYJ,20,3191,1,0,0,21,26,21,True,1,False,0
MIN,DET,1,46,5,DET,25,2765,1,0,0,17,10,10,False,1,True,1
TB,DET,1,45,15,DET,38,2715,1,0,0,29,10,10,False,1,True,1
TEN,DET,1,55,35,DET,53,3335,1,0,0,30,10,10,False,1,True,1
DET,IND,1,49,50,DET,51,2990,1,0,0,10,13,10,True,1,False,0
TB,CAR,1,53,53,CAR,33,3233,1,0,0,29,4,4,False,1,True,1
NO,CAR,1,54,44,CAR,39,3284,1,0,0,19,4,4,False,1,True,1
DEN,CAR,1,45,15,CAR,39,2715,1,0,0,9,4,4,False,1,True,1
CAR,MIN,1,57,57,CAR,43,3477,1,0,0,4,17,4,True,1,False,0
CAR,NO,1,47,25,CAR,26,2845,1,0,0,4,19,4,True,1,False,0
CAR,NO,1,53,6,CAR,45,3186,1,0,0,4,19,4,True,1,False,0
SF,DAL,1,45,3,SF,22,2703,1,0,0,27,8,27,True,1,False,0
SF,DAL,1,47,42,SF,23,2862,1,0,0,27,8,27,True,1,False,0
SF,DAL,1,55,53,SF,53,3353,0,1,0,27,8,27,True,0,False,0
SF,MIA,1,49,2,SF,38,2942,1,0,0,27,16,27,True,1,False,0
SF,NO,1,52,27,SF,47,3147,1,0,0,27,19,27,True,1,False,0
SF,NYG,1,49,28,SF,40,2968,1,0,0,27,20,27,True,1,False,0
SF,SEA,1,47,39,SF,26,2859,1,0,0,27,26,27,True,1,False,0
PHI,SF,1,57,38,SF,32,3458,1,0,0,23,27,27,False,1,True,1
PHI,SF,1,49,29,SF,37,2969,1,0,0,23,27,27,False,1,True,1
WAS,SF,1,49,16,SF,48,2956,0,1,0,31,27,27,False,0,True,1
SF,STL,1,47,5,SF,48,2825,1,0,0,27,28,27,True,1,False,0
JAC,CHI,1,51,33,JAC,42,3093,1,0,0,14,5,14,True,1,False,0
JAC,DEN,1,49,0,JAC,48,2940,1,0,0,14,9,14,True,1,False,0
JAC,DET,1,57,40,JAC,34,3460,1,0,0,14,10,14,True,1,False,0
PIT,ARI,1,54,50,PIT,18,3290,1,0,0,24,0,24,True,1,False,0
PIT,CIN,1,45,45,PIT,21,2745,1,0,0,24,6,24,True,1,False,0
PIT,NE,1,47,55,PIT,20,2875,1,0,0,24,18,24,True,1,False,0
PIT,PHI,1,47,55,PIT,37,2875,1,0,0,24,23,24,True,1,False,0
BAL,PIT,1,56,26,PIT,34,3386,1,0,0,2,24,24,False,1,True,1
BAL,PIT,1,51,15,PIT,42,3075,1,0,0,2,24,24,False,1,True,1
DAL,PIT,1,56,57,PIT,45,3417,0,1,0,8,24,24,False,0,True,1
BAL,PIT,1,51,50,PIT,49,3110,1,0,0,2,24,24,False,1,True,1
SD,PIT,1,55,22,PIT,51,3322,0,1,0,25,24,24,False,0,True,1
MIA,HOU,1,46,4,HOU,27,2764,1,0,0,16,12,12,False,1,True,1
JAC,HOU,1,51,33,HOU,38,3093,1,0,0,14,12,12,False,1,True,1
HOU,IND,1,54,25,HOU,28,3265,1,0,0,12,13,12,True,1,False,0
HOU,IND,1,48,2,HOU,34,2882,1,0,0,12,13,12,True,1,False,0
HOU,JAC,1,45,11,HOU,27,2711,1,0,0,12,14,12,True,1,False,0
HOU,TEN,1,48,54,HOU,24,2934,1,0,0,12,30,12,True,1,False,0
HOU,TEN,1,57,11,HOU,44,3431,1,0,0,12,30,12,True,1,False,0
TB,CAR,1,46,3,TB,40,2763,0,1,0,29,4,29,True,0,False,0
TB,DAL,1,56,2,TB,36,3362,1,0,0,29,8,29,True,1,False,0
TB,DAL,1,46,14,TB,36,2774,1,0,0,29,8,29,True,1,False,0
TB,DEN,1,49,32,TB,33,2972,1,0,0,29,9,29,True,1,False,0
MIN,TB,1,47,54,TB,39,2874,1,0,0,17,29,29,False,1,True,1
IND,GB,1,53,10,GB,31,3190,1,0,0,13,11,11,False,1,True,1
DAL,GB,1,53,6,GB,36,3186,1,0,0,8,11,11,False,1,True,1
GB,JAC,1,47,38,GB,22,2858,1,0,0,11,14,11,True,1,False,0
GB,SEA,1,47,28,GB,29,2848,1,0,0,11,26,11,True,1,False,0
NO,DEN,1,47,12,NO,43,2832,1,0,0,19,9,19,True,1,False,0
MIN,NO,1,48,2,NO,35,2882,1,0,0,17,19,19,False,1,True,1
MIN,NO,1,51,31,NO,46,3091,1,0,1,17,19,19,False,0,True,1
NYJ,MIA,1,48,35,NYJ,32,2915,0,1,0,21,16,21,True,0,False,0
DEN,CAR,1,48,42,DEN,43,2922,1,0,0,9,4,9,True,1,False,0
DEN,CLE,1,58,27,DEN,38,3507,0,1,0,9,7,9,True,0,False,0
BUF,DEN,1,50,1,DEN,23,3001,1,0,0,3,9,9,False,1,True,1
DEN,NYJ,1,46,48,DEN,25,2808,1,0,0,9,21,9,True,1,False,0
JAC,BAL,1,54,36,BAL,32,3276,1,0,0,14,2,2,False,1,True,1
TEN,BAL,1,50,56,BAL,38,3056,1,0,0,30,2,2,False,1,True,1
CLE,BAL,1,55,10,BAL,48,3310,0,1,0,7,2,2,False,0,True,1
JAC,BAL,1,52,3,BAL,48,3123,0,1,0,14,2,2,False,0,True,1
BAL,CIN,1,51,10,BAL,27,3070,1,0,0,2,6,2,True,1,False,0
BAL,CLE,1,55,43,BAL,41,3343,1,0,0,2,7,2,True,1,False,0
BAL,DAL,1,51,17,BAL,26,3077,1,0,0,2,8,2,True,1,False,0
BAL,MIA,1,47,52,BAL,23,2872,1,0,0,2,16,2,True,1,False,0
BAL,MIA,1,46,36,BAL,47,2796,1,0,0,2,16,2,True,1,False,0
BAL,NYG,1,49,39,BAL,32,2979,1,0,1,2,20,2,True,0,False,0
BAL,PIT,1,45,22,BAL,33,2722,1,0,0,2,24,2,True,1,False,0
CIN,DAL,1,58,10,DAL,30,3490,1,0,0,6,8,8,False,1,True,1
DAL,GB,1,58,17,DAL,25,3497,1,0,0,8,11,8,True,1,False,0
DAL,PHI,1,45,41,DAL,37,2741,1,0,0,8,23,8,True,1,False,0
SD,DEN,1,48,51,SD,34,2931,1,0,0,25,9,25,True,1,False,0
SD,MIA,1,52,46,SD,34,3166,1,0,0,25,16,25,True,1,False,0
SD,NO,1,48,34,SD,33,2914,1,0,0,25,19,25,True,1,False,0
OAK,SD,1,56,50,SD,20,3410,1,0,0,22,25,25,False,1,True,1
NE,SD,1,55,44,SD,25,3344,1,0,0,18,25,25,False,1,True,1
DEN,SD,1,56,45,SD,28,3405,1,0,0,9,25,25,False,1,True,1
NYJ,SD,1,50,44,SD,36,3044,1,0,0,21,25,25,False,1,True,1
NE,SD,1,45,45,SD,44,2745,0,1,0,18,25,25,False,0,True,1
DEN,KC,1,50,28,KC,21,3028,1,0,0,9,15,15,False,1,True,1
DEN,KC,1,54,55,KC,23,3295,1,0,0,9,15,15,False,1,True,1
SF,ARI,1,54,50,ARI,28,3290,1,0,0,27,0,0,False,1,True,1
NYG,ARI,1,51,23,ARI,34,3083,1,0,0,20,0,0,False,1,True,1
ARI,CAR,1,51,59,ARI,21,3119,1,0,0,0,4,0,True,1,False,0
ARI,NYJ,1,50,11,ARI,37,3011,1,0,1,0,21,0,True,0,False,0
ARI,SEA,1,52,52,ARI,38,3172,1,0,0,0,26,0,True,1,False,0
ARI,SF,1,56,10,ARI,25,3370,1,0,0,0,27,0,True,1,False,0
ARI,SF,1,53,48,ARI,35,3228,0,1,0,0,27,0,True,0,False,0
SEA,DAL,1,46,2,SEA,44,2762,1,0,0,26,8,26,True,1,False,0
SEA,NYG,1,52,14,SEA,30,3134,1,0,0,26,20,26,True,1,False,0
STL,SEA,1,56,22,SEA,28,3382,1,0,0,28,26,26,False,1,True,1
WAS,SEA,1,52,24,SEA,45,3144,1,0,0,31,26,26,False,1,True,1
SEA,SF,1,51,20,SEA,42,3080,1,0,0,26,27,26,True,1,False,0
SEA,SF,1,55,10,SEA,43,3310,1,0,0,26,27,26,True,1,False,0
CLE,BUF,1,47,31,CLE,33,2851,1,0,0,7,3,7,True,1,False,0
CLE,BUF,1,54,32,CLE,40,3272,1,0,0,7,3,7,True,1,False,0
CLE,CIN,1,54,32,CLE,25,3272,1,0,0,7,6,7,True,1,False,0
NYG,CLE,1,55,11,CLE,28,3311,1,0,0,20,7,7,False,1,True,1
IND,CLE,1,54,9,CLE,34,3249,1,0,0,13,7,7,False,1,True,1
NYG,CLE,1,45,38,CLE,51,2738,0,1,0,20,7,7,False,0,True,1
CLE,PHI,1,51,51,CLE,27,3111,1,0,0,7,23,7,True,1,False,0
CLE,PIT,1,48,43,CLE,53,2923,0,1,0,7,24,7,True,0,False,0
CLE,TEN,1,49,5,CLE,41,2945,1,0,0,7,30,7,True,1,False,0
CLE,TEN,1,57,3,CLE,47,3423,1,0,0,7,30,7,True,1,False,0
TEN,HOU,1,53,42,TEN,26,3222,1,0,0,30,12,30,True,1,False,0
TEN,JAC,1,50,31,TEN,32,3031,1,0,0,30,14,30,True,1,False,0
TEN,KC,1,53,2,TEN,49,3182,1,0,0,30,15,30,True,1,False,0
MIN,TEN,1,55,7,TEN,20,3307,1,0,0,17,30,30,False,1,True,1
GB,TEN,1,54,47,TEN,31,3287,1,0,0,11,30,30,False,1,True,1
IND,TEN,1,54,47,TEN,34,3287,1,0,0,13,30,30,False,1,True,1
JAC,TEN,1,54,55,TEN,47,3295,1,0,0,14,30,30,False,1,True,1
JAC,CHI,1,45,24,CHI,22,2724,1,0,0,14,5,5,False,1,True,1
DET,CHI,1,56,19,CHI,36,3379,1,0,0,10,5,5,False,1,True,1
TB,CHI,1,57,48,CHI,40,3468,1,0,0,29,5,5,False,1,True,1
TB,CHI,1,51,15,CHI,43,3075,1,0,0,29,5,5,False,1,True,1
CHI,DET,1,51,52,CHI,37,3112,1,0,0,5,10,5,True,1,False,0
CHI,HOU,1,48,34,CHI,37,2914,1,0,0,5,12,5,True,1,False,0
SD,BUF,1,51,52,BUF,38,3112,1,0,0,25,3,3,False,1,True,1
MIA,BUF,1,47,45,BUF,40,2865,1,0,0,16,3,3,False,1,True,1
BUF,MIA,1,49,25,BUF,19,2965,1,0,0,3,16,3,True,1,False,0
BUF,NYJ,1,52,48,BUF,34,3168,1,0,0,3,21,3,True,1,False,0
BUF,STL,1,48,11,BUF,35,2891,1,0,0,3,28,3,True,1,False,0
BUF,STL,1,56,31,BUF,45,3391,1,0,0,3,28,3,True,1,False,0
MIN,JAC,1,51,5,MIN,54,3065,1,0,0,17,14,17,True,1,False,0
IND,MIN,1,45,13,MIN,27,2713,1,0,0,13,17,17,False,1,True,1
IND,MIN,1,55,14,MIN,45,3314,1,0,0,13,17,17,False,1,True,1
MIN,NO,1,45,58,MIN,53,2758,1,0,0,17,19,17,True,1,False,0
MIN,TB,1,51,58,MIN,43,3118,1,0,0,17,29,17,True,1,False,0
NE,BUF,1,48,5,NE,33,2885,1,0,0,18,3,18,True,1,False,0
NE,MIA,1,55,13,NE,30,3313,1,0,0,18,16,18,True,1,False,0
DEN,NE,1,50,14,NE,31,3014,1,0,0,9,18,18,False,1,True,1
DEN,NE,1,47,11,NE,40,2831,1,0,0,9,18,18,False,1,True,1
NYJ,NE,1,49,31,NE,42,2971,1,0,0,21,18,18,False,1,True,1
NE,NYJ,1,48,4,NE,21,2884,1,0,0,18,21,18,True,1,False,0
NE,SD,1,50,56,NE,48,3056,0,1,0,18,25,18,True,0,False,0
NE,SEA,1,45,53,NE,50,2753,1,0,0,18,26,18,True,1,False,0
KC,CIN,1,46,45,CIN,38,2805,1,0,0,15,6,6,False,1,True,1
CIN,HOU,1,51,29,CIN,43,3089,1,0,0,6,12,6,True,1,False,0
CIN,NYG,1,45,48,CIN,22,2748,1,0,0,6,20,6,True,1,False,0
OAK,BUF,1,57,43,OAK,23,3463,1,0,0,22,3,22,True,1,False,0
OAK,BUF,1,45,36,OAK,35,2736,1,0,0,22,3,22,True,1,False,0
OAK,KC,1,46,22,OAK,25,2782,1,0,0,22,15,22,True,1,False,0
OAK,KC,1,50,55,OAK,56,3055,1,0,0,22,15,22,True,1,False,0
OAK,NO,1,54,47,OAK,24,3287,1,0,0,22,19,22,True,1,False,0
SD,OAK,1,56,1,OAK,22,3361,1,0,0,25,22,22,False,1,True,1
KC,OAK,1,52,56,OAK,25,3176,1,0,0,15,22,22,False,1,True,1
NYJ,OAK,1,46,52,OAK,29,2812,1,0,0,21,22,22,False,1,True,1
HOU,OAK,1,45,8,OAK,30,2708,1,0,0,12,22,22,False,1,True,1
HOU,OAK,1,48,47,OAK,33,2927,1,0,0,12,22,22,False,1,True,1
WAS,DET,1,53,16,WAS,25,3196,1,0,0,31,10,31,True,1,False,0
WAS,SEA,1,48,5,WAS,43,2885,0,1,0,31,26,31,True,0,False,0
NO,WAS,1,46,32,WAS,22,2792,1,0,0,19,31,31,False,1,True,1
PIT,WAS,1,56,7,WAS,43,3367,1,0,0,24,31,31,False,1,True,1
PIT,WAS,1,58,1,WAS,44,3481,1,0,0,24,31,31,False,1,True,1
NO,WAS,1,54,20,WAS,49,3260,0,1,0,19,31,31,False,0,True,1
SD,NO,1,51,37,NO,23,3097,1,0,0,25,19,19,False,1,True,1
OAK,NO,1,49,15,NO,31,2955,0,1,0,22,19,19,False,0,True,1
IND,HOU,2,33,22,IND,49,2002,0,1,0,13,12,13,True,0,False,0
TEN,IND,2,40,19,IND,21,2419,1,0,0,30,13,13,False,1,True,1
HOU,IND,2,30,10,IND,32,1810,1,0,0,12,13,13,False,1,True,1
CHI,IND,2,39,42,IND,34,2382,1,0,0,5,13,13,False,1,True,1
TEN,IND,2,32,31,IND,38,1951,1,0,0,30,13,13,False,1,True,1
HOU,IND,2,41,39,IND,39,2499,1,0,0,12,13,13,False,1,True,1
IND,JAC,2,31,6,IND,30,1866,0,1,0,13,14,13,True,0,False,0
IND,SD,2,36,51,IND,43,2211,1,0,0,13,25,13,True,1,False,0
NO,KC,2,33,39,KC,20,2019,1,0,0,19,15,15,False,1,True,1
SD,KC,2,43,18,KC,34,2598,0,1,0,25,15,15,False,0,True,1
TB,KC,2,32,17,KC,39,1937,1,0,0,29,15,15,False,1,True,1
BUF,KC,2,33,27,KC,45,2007,1,0,0,3,15,15,False,1,True,1
PHI,ARI,2,39,5,PHI,33,2345,1,0,0,23,0,23,True,1,False,0
PHI,ARI,2,43,34,PHI,47,2614,0,1,0,23,0,23,True,0,False,0
PHI,CHI,2,35,29,PHI,50,2129,0,1,0,23,5,23,True,0,False,0
PHI,CIN,2,41,16,PHI,42,2476,1,0,0,23,6,23,True,1,False,0
PHI,DAL,2,30,49,PHI,22,1849,1,0,0,23,8,23,True,1,False,0
PHI,MIN,2,37,38,PHI,31,2258,1,0,0,23,17,23,True,1,False,0
PHI,NYG,2,30,4,PHI,25,1804,1,0,0,23,20,23,True,1,False,0
PHI,NYG,2,30,7,PHI,32,1807,1,0,1,23,20,23,True,0,False,0
NYG,PHI,2,30,5,PHI,29,1805,1,0,0,20,23,23,False,1,True,1
PIT,PHI,2,32,40,PHI,31,1960,1,0,0,24,23,23,False,1,True,1
ATL,PHI,2,30,4,PHI,36,1804,1,0,0,1,23,23,False,1,True,1
ARI,PHI,2,30,5,PHI,42,1805,1,0,0,0,23,23,False,1,True,1
DAL,PHI,2,30,3,PHI,50,1803,1,0,0,8,23,23,False,1,True,1
PHI,SF,2,34,35,PHI,19,2075,1,0,0,23,27,23,True,1,False,0
PHI,SF,2,30,1,PHI,54,1801,1,0,1,23,27,23,True,0,False,0
MIA,BUF,2,30,25,MIA,35,1825,1,0,0,16,3,16,True,1,False,0
MIA,BUF,2,42,18,MIA,50,2538,1,0,0,16,3,16,True,1,False,0
MIA,DEN,2,30,7,MIA,23,1807,1,0,0,16,9,16,True,1,False,0
BAL,MIA,2,34,36,MIA,26,2076,1,0,0,2,16,16,False,1,True,1
BUF,MIA,2,31,44,MIA,46,1904,1,0,1,3,16,16,False,0,True,1
MIA,STL,2,30,3,MIA,37,1803,1,0,0,16,28,16,True,1,False,0
NO,ATL,2,38,37,NO,44,2317,1,0,0,19,1,19,True,1,False,0
NO,KC,2,30,2,NO,23,1802,1,0,0,19,15,19,True,1,False,0
CAR,NO,2,42,39,NO,21,2559,1,0,0,4,19,19,False,1,True,1
ATL,NO,2,30,3,NO,25,1803,1,0,0,1,19,19,False,1,True,1
ATL,NO,2,42,9,NO,26,2529,1,0,0,1,19,19,False,1,True,1
GB,NO,2,30,6,NO,30,1806,1,0,0,11,19,19,False,1,True,1
ATL,NO,2,36,15,NO,46,2175,1,0,0,1,19,19,False,1,True,1
STL,ARI,2,32,51,STL,42,1971,0,1,0,28,0,28,True,0,False,0
STL,SEA,2,32,55,STL,29,1975,1,0,0,28,26,28,True,1,False,0
STL,SEA,2,43,30,STL,43,2610,1,0,0,28,26,28,True,1,False,0
STL,SF,2,43,31,STL,24,2611,1,0,0,28,27,28,True,1,False,0
MIA,STL,2,31,55,STL,33,1915,1,0,0,16,28,28,False,1,True,1
SEA,STL,2,33,51,STL,36,2031,1,0,0,26,28,28,False,1,True,1
SF,STL,2,30,10,STL,38,1810,1,0,0,27,28,28,False,1,True,1
CHI,STL,2,45,0,STL,40,2700,0,1,0,5,28,28,False,0,True,1
CHI,STL,2,35,6,STL,43,2106,1,0,0,5,28,28,False,1,True,1
SF,STL,2,43,12,STL,43,2592,1,0,0,27,28,28,False,1,True,1
DAL,STL,2,31,52,STL,52,1912,1,0,0,8,28,28,False,1,True,1
DAL,STL,2,44,24,STL,54,2664,0,1,0,8,28,28,False,0,True,1
NYG,STL,2,44,19,STL,54,2659,1,0,0,20,28,28,False,1,True,1
NYG,STL,2,32,0,STL,54,1920,1,0,0,20,28,28,False,1,True,1
NYG,ARI,2,36,56,NYG,33,2216,1,0,0,20,0,20,True,1,False,0
NYG,DAL,2,34,56,NYG,34,2096,1,0,0,20,8,20,True,1,False,0
NYG,MIN,2,31,7,NYG,30,1867,1,0,0,20,17,20,True,1,False,0
NYG,MIN,2,30,4,NYG,42,1804,1,0,0,20,17,20,True,1,False,0
NYG,MIN,2,39,40,NYG,51,2380,1,0,0,20,17,20,True,1,False,0
SF,NYG,2,31,56,NYG,21,1916,1,0,0,27,20,20,False,1,True,1
CIN,NYG,2,33,59,NYG,24,2039,1,0,0,6,20,20,False,1,True,1
WAS,NYG,2,41,3,NYG,25,2463,1,0,0,31,20,20,False,1,True,1
SEA,NYG,2,44,55,NYG,29,2695,1,0,0,26,20,20,False,1,True,1
SEA,NYG,2,30,52,NYG,33,1852,1,0,0,26,20,20,False,1,True,1
PHI,NYG,2,31,38,NYG,34,1898,1,0,0,23,20,20,False,1,True,1
CAR,NYG,2,30,55,NYG,35,1855,1,0,0,4,20,20,False,1,True,1
PHI,NYG,2,38,58,NYG,46,2338,0,1,0,23,20,20,False,0,True,1
PHI,NYG,2,39,36,NYG,47,2376,1,0,1,23,20,20,False,0,True,1
WAS,NYG,2,32,13,NYG,47,1933,1,0,0,31,20,20,False,1,True,1
NYG,PHI,2,31,52,NYG,26,1912,1,0,0,20,23,20,True,1,False,0
NYG,PIT,2,33,34,NYG,25,2014,1,0,0,20,24,20,True,1,False,0
NYG,PIT,2,40,33,NYG,35,2433,1,0,0,20,24,20,True,1,False,0
NYG,STL,2,30,6,NYG,33,1806,1,0,0,20,28,20,True,1,False,0
NYG,STL,2,38,20,NYG,39,2300,1,0,0,20,28,20,True,1,False,0
NYG,WAS,2,42,6,NYG,38,2526,1,0,0,20,31,20,True,1,False,0
ATL,ARI,2,40,3,ATL,30,2403,1,0,0,1,0,1,True,1,False,0
NO,ATL,2,33,9,ATL,22,1989,1,0,0,19,1,1,False,1,True,1
KC,ATL,2,39,19,ATL,27,2359,1,0,0,15,1,1,False,1,True,1
CHI,ATL,2,37,53,ATL,32,2273,1,0,0,5,1,1,False,1,True,1
DEN,ATL,2,42,37,ATL,36,2557,1,0,0,9,1,1,False,1,True,1
ATL,CAR,2,42,17,ATL,44,2537,1,0,0,1,4,1,True,1,False,0
ATL,CAR,2,30,42,ATL,44,1842,1,0,0,1,4,1,True,1,False,0
ATL,MIN,2,30,7,ATL,22,1807,1,0,0,1,17,1,True,1,False,0
ATL,OAK,2,36,35,ATL,48,2195,1,0,0,1,22,1,True,1,False,0
ATL,TB,2,30,13,ATL,32,1813,1,0,0,1,29,1,True,1,False,0
ARI,NYJ,2,33,36,NYJ,20,2016,1,0,0,0,21,21,False,1,True,1
NE,NYJ,2,37,32,NYJ,21,2252,1,0,0,18,21,21,False,1,True,1
MIA,NYJ,2,30,4,NYJ,28,1804,1,0,0,16,21,21,False,1,True,1
ARI,NYJ,2,30,2,NYJ,30,1802,1,0,0,0,21,21,False,1,True,1
CIN,NYJ,2,41,1,NYJ,38,2461,1,0,0,6,21,21,False,1,True,1
STL,NYJ,2,34,0,NYJ,46,2040,1,0,0,28,21,21,False,1,True,1
STL,NYJ,2,36,58,NYJ,49,2218,1,0,0,28,21,21,False,1,True,1
STL,NYJ,2,30,3,NYJ,55,1803,1,0,0,28,21,21,False,1,True,1
NYJ,TEN,2,34,4,NYJ,20,2044,1,0,0,21,30,21,True,1,False,0
DET,CAR,2,30,8,DET,27,1808,1,0,0,10,4,10,True,1,False,0
DET,CAR,2,43,4,DET,40,2584,1,0,0,10,4,10,True,1,False,0
DET,CAR,2,34,48,DET,56,2088,1,0,0,10,4,10,True,1,False,0
DET,CHI,2,31,10,DET,52,1870,1,0,0,10,5,10,True,1,False,0
MIN,DET,2,41,43,DET,23,2503,1,0,0,17,10,10,False,1,True,1
JAC,DET,2,32,29,DET,33,1949,1,0,1,14,10,10,False,0,True,1
GB,DET,2,30,17,DET,38,1817,1,0,0,11,10,10,False,1,True,1
WAS,DET,2,40,32,DET,43,2432,1,0,0,31,10,10,False,1,True,1
DET,HOU,2,36,32,DET,54,2192,1,0,0,10,12,10,True,1,False,0
DET,MIN,2,32,0,DET,40,1920,1,0,0,10,17,10,True,1,False,0
DET,SF,2,37,31,DET,44,2251,1,0,0,10,27,10,True,1,False,0
CAR,ATL,2,35,26,CAR,23,2126,1,0,0,4,1,4,True,1,False,0
ARI,CAR,2,35,45,CAR,23,2145,1,0,0,0,4,4,False,1,True,1
CHI,CAR,2,30,14,CAR,37,1814,1,0,0,5,4,4,False,1,True,1
DEN,CAR,2,30,4,CAR,44,1804,1,0,0,9,4,4,False,1,True,1
NO,CAR,2,33,33,CAR,48,2013,1,0,0,19,4,4,False,1,True,1
CAR,NO,2,37,0,CAR,34,2220,1,0,0,4,19,4,True,1,False,0
CAR,OAK,2,30,4,CAR,54,1804,0,1,0,4,22,4,True,0,False,0
CAR,SD,2,30,13,CAR,30,1813,1,0,0,4,25,4,True,1,False,0
CAR,SD,2,34,28,CAR,33,2068,1,0,0,4,25,4,True,1,False,0
CAR,SD,2,42,40,CAR,44,2560,1,0,0,4,25,4,True,1,False,0
CAR,TB,2,42,36,CAR,20,2556,1,0,0,4,29,4,True,1,False,0
SF,BUF,2,30,16,SF,50,1816,1,0,0,27,3,27,True,1,False,0
SF,NO,2,31,49,SF,49,1909,1,0,0,27,19,27,True,1,False,0
SF,SEA,2,37,25,SF,28,2245,1,0,0,27,26,27,True,1,False,0
ARI,SF,2,31,56,SF,39,1916,1,0,0,0,27,27,False,1,True,1
SEA,SF,2,37,31,SF,42,2251,1,0,0,26,27,27,False,1,True,1
PHI,SF,2,30,34,SF,53,1834,1,0,0,23,27,27,False,1,True,1
JAC,CIN,2,33,8,JAC,52,1988,1,0,0,14,6,14,True,1,False,0
JAC,HOU,2,40,0,JAC,43,2400,0,1,0,14,12,14,True,0,False,0
JAC,IND,2,42,37,JAC,26,2557,1,0,0,14,13,14,True,1,False,0
MIN,JAC,2,42,32,JAC,21,2552,1,0,0,17,14,14,False,1,True,1
BUF,JAC,2,43,25,JAC,28,2605,1,0,0,3,14,14,False,1,True,1
MIN,JAC,2,30,52,JAC,38,1852,0,1,0,17,14,14,False,0,True,1
IND,JAC,2,30,6,JAC,44,1806,1,0,0,13,14,14,False,1,True,1
MIN,JAC,2,32,45,JAC,46,1965,0,1,0,17,14,14,False,0,True,1
HOU,JAC,2,30,23,JAC,46,1823,1,0,0,12,14,14,False,1,True,1
GB,JAC,2,44,40,JAC,51,2680,0,1,0,11,14,14,False,0,True,1
PIT,BAL,2,35,48,PIT,31,2148,1,0,0,24,2,24,True,1,False,0
PIT,JAC,2,30,49,PIT,23,1849,1,0,0,24,14,24,True,1,False,0
PIT,JAC,2,42,42,PIT,38,2562,1,0,0,24,14,24,True,1,False,0
PIT,PHI,2,30,16,PIT,53,1816,1,0,0,24,23,24,True,1,False,0
SD,PIT,2,30,3,PIT,21,1803,1,0,0,25,24,24,False,1,True,1
DAL,PIT,2,32,44,PIT,24,1964,1,0,0,8,24,24,False,1,True,1
CIN,PIT,2,31,56,PIT,37,1916,1,0,0,6,24,24,False,1,True,1
IND,PIT,2,34,22,PIT,42,2062,1,0,0,13,24,24,False,1,True,1
PIT,TEN,2,30,4,PIT,33,1804,0,1,0,24,30,24,True,0,False,0
PIT,WAS,2,38,14,PIT,35,2294,1,0,0,24,31,24,True,1,False,0
HOU,CLE,2,43,43,HOU,31,2623,1,0,0,12,7,12,True,1,False,0
HOU,CLE,2,30,7,HOU,31,1807,1,0,0,12,7,12,True,1,False,0
HOU,CLE,2,33,45,HOU,49,2025,1,0,1,12,7,12,True,0,False,0
HOU,CLE,2,30,1,HOU,56,1801,0,1,0,12,7,12,True,0,False,0
HOU,GB,2,31,54,HOU,30,1914,1,0,0,12,11,12,True,1,False,0
HOU,GB,2,30,1,HOU,41,1801,0,1,0,12,11,12,True,0,False,0
BAL,HOU,2,36,52,HOU,23,2212,1,0,0,2,12,12,False,1,True,1
TEN,HOU,2,45,0,HOU,32,2700,1,0,0,30,12,12,False,1,True,1
MIA,HOU,2,39,11,HOU,33,2351,1,0,0,16,12,12,False,1,True,1
IND,HOU,2,37,11,HOU,37,2231,1,0,0,13,12,12,False,1,True,1
BAL,HOU,2,30,3,HOU,48,1803,1,0,0,2,12,12,False,1,True,1
HOU,OAK,2,30,42,HOU,24,1842,1,0,0,12,22,12,True,1,False,0
HOU,OAK,2,36,16,HOU,53,2176,1,0,0,12,22,12,True,1,False,0
HOU,PIT,2,34,34,HOU,34,2074,1,0,0,12,24,12,True,1,False,0
TB,CAR,2,36,37,TB,20,2197,1,0,0,29,4,29,True,1,False,0
TB,DAL,2,32,28,TB,51,1948,0,1,0,29,8,29,True,0,False,0
TB,DEN,2,30,3,TB,31,1803,1,0,0,29,9,29,True,1,False,0
TB,KC,2,43,8,TB,25,2588,1,0,0,29,15,29,True,1,False,0
TB,KC,2,30,4,TB,43,1804,1,0,0,29,15,29,True,1,False,0
TB,NO,2,30,8,TB,37,1808,1,0,0,29,19,29,True,1,False,0
GB,TB,2,36,47,TB,23,2207,1,0,0,11,29,29,False,1,True,1
NO,TB,2,32,38,TB,23,1958,1,0,0,19,29,29,False,1,True,1
MIN,TB,2,37,51,TB,26,2271,1,0,0,17,29,29,False,1,True,1
SEA,TB,2,33,16,TB,27,1996,1,0,0,26,29,29,False,1,True,1
ATL,TB,2,39,11,TB,33,2351,1,0,0,1,29,29,False,1,True,1
GB,TB,2,31,12,TB,36,1872,1,0,0,11,29,29,False,1,True,1
CAR,TB,2,39,3,TB,37,2343,1,0,0,4,29,29,False,1,True,1
NO,TB,2,44,54,TB,38,2694,1,0,0,19,29,29,False,1,True,1
SEA,TB,2,30,2,TB,47,1802,0,1,0,26,29,29,False,0,True,1
SD,TB,2,30,22,TB,49,1822,1,0,0,25,29,29,False,1,True,1
CAR,TB,2,30,14,TB,51,1814,0,1,0,4,29,29,False,0,True,1
CAR,GB,2,42,49,GB,32,2569,1,0,0,4,11,11,False,1,True,1
MIN,GB,2,30,3,GB,33,1803,1,0,1,17,11,11,False,0,True,1
IND,GB,2,30,9,GB,36,1809,0,1,0,13,11,11,False,0,True,1
DAL,GB,2,42,42,GB,38,2562,1,0,0,8,11,11,False,1,True,1
MIN,GB,2,33,26,GB,42,2006,1,0,0,17,11,11,False,1,True,1
ATL,GB,2,31,15,GB,53,1875,0,1,0,1,11,11,False,0,True,1
CHI,GB,2,30,20,GB,53,1820,1,0,0,5,11,11,False,1,True,1
DET,GB,2,30,7,GB,69,1807,0,1,0,10,11,11,False,0,True,1
GB,JAC,2,31,21,GB,23,1881,1,0,0,11,14,11,True,1,False,0
GB,MIN,2,30,3,GB,47,1803,1,0,0,11,17,11,True,1,False,0
GB,TEN,2,41,27,GB,23,2487,1,0,0,11,30,11,True,1,False,0
NO,DEN,2,30,3,NO,51,1803,0,1,0,19,9,19,True,0,False,0
NO,WAS,2,30,5,NO,49,1805,1,0,0,19,31,19,True,1,False,0
DEN,ATL,2,41,32,DEN,49,2492,0,1,0,9,1,9,True,0,False,0
DEN,CLE,2,35,55,DEN,35,2155,1,0,0,9,7,9,True,1,False,0
NO,DEN,2,32,59,DEN,27,1979,1,0,0,19,9,9,False,1,True,1
BUF,DEN,2,43,17,DEN,30,2597,1,0,0,3,9,9,False,1,True,1
TB,DEN,2,32,25,DEN,40,1945,1,0,0,29,9,9,False,1,True,1
OAK,DEN,2,30,4,DEN,43,1804,0,1,0,22,9,9,False,0,True,1
OAK,DEN,2,33,3,DEN,44,1983,1,0,0,22,9,9,False,1,True,1
OAK,DEN,2,42,50,DEN,47,2570,0,1,0,22,9,9,False,0,True,1
SD,DEN,2,35,58,DEN,52,2158,1,0,0,25,9,9,False,1,True,1
BUF,DEN,2,32,0,DEN,54,1920,0,1,0,3,9,9,False,0,True,1
TB,DEN,2,45,0,DEN,55,2700,1,0,0,29,9,9,False,1,True,1
DEN,KC,2,31,25,DEN,28,1885,0,1,0,9,15,9,True,0,False,0
DEN,KC,2,30,14,DEN,56,1814,1,0,0,9,15,9,True,1,False,0
DEN,NYJ,2,30,8,DEN,35,1808,1,0,0,9,21,9,True,1,False,0
DEN,OAK,2,39,58,DEN,26,2398,1,0,0,9,22,9,True,1,False,0
CIN,BAL,2,31,46,BAL,21,1906,1,0,0,6,2,2,False,1,True,1
PIT,BAL,2,30,52,BAL,26,1852,1,0,0,24,2,2,False,1,True,1
PIT,BAL,2,42,34,BAL,28,2554,1,0,0,24,2,2,False,1,True,1
OAK,BAL,2,30,15,BAL,38,1815,1,0,0,22,2,2,False,1,True,1
PHI,BAL,2,33,5,BAL,44,1985,1,0,0,23,2,2,False,1,True,1
TEN,BAL,2,30,14,BAL,45,1814,0,1,0,30,2,2,False,0,True,1
CIN,BAL,2,37,44,BAL,47,2264,0,1,0,6,2,2,False,0,True,1
BAL,CIN,2,42,55,BAL,21,2575,1,0,0,2,6,2,True,1,False,0
BAL,CLE,2,30,32,BAL,32,1832,1,0,0,2,7,2,True,1,False,0
BAL,DAL,2,40,57,BAL,29,2457,1,0,0,2,8,2,True,1,False,0
BAL,DAL,2,30,2,BAL,37,1802,1,0,0,2,8,2,True,1,False,0
BAL,MIA,2,30,21,BAL,31,1821,1,0,0,2,16,2,True,1,False,0
BAL,NYG,2,34,13,BAL,38,2053,1,0,0,2,20,2,True,1,False,0
BAL,PIT,2,33,52,BAL,20,2032,1,0,0,2,24,2,True,1,False,0
DAL,ARI,2,30,18,DAL,37,1818,0,1,0,8,0,8,True,0,False,0
WAS,DAL,2,30,5,DAL,35,1805,1,0,0,31,8,8,False,1,True,1
TB,DAL,2,39,38,DAL,38,2378,1,0,0,29,8,8,False,1,True,1
SF,DAL,2,33,6,DAL,41,1986,1,0,0,27,8,8,False,1,True,1
SEA,DAL,2,37,38,DAL,41,2258,1,0,0,26,8,8,False,1,True,1
SF,DAL,2,37,28,DAL,48,2248,1,0,0,27,8,8,False,1,True,1
PHI,DAL,2,30,7,DAL,51,1807,1,0,0,23,8,8,False,1,True,1
WAS,DAL,2,30,9,DAL,36,1809,1,0,0,31,8,8,False,1,True,1
DAL,GB,2,30,11,DAL,39,1811,1,0,0,8,11,8,True,1,False,0
DAL,PIT,2,30,5,DAL,44,1805,1,0,0,8,24,8,True,1,False,0
SD,KC,2,30,14,SD,32,1814,1,0,0,25,15,25,True,1,False,0
SD,OAK,2,31,3,SD,44,1863,1,0,1,25,22,25,True,0,False,0
SD,PIT,2,32,0,SD,42,1920,1,0,0,25,24,25,True,1,False,0
KC,SD,2,36,50,SD,26,2210,1,0,0,15,25,25,False,1,True,1
KC,SD,2,44,6,SD,34,2646,1,0,0,15,25,25,False,1,True,1
IND,SD,2,41,47,SD,35,2507,1,0,0,13,25,25,False,1,True,1
OAK,SD,2,30,25,SD,39,1825,1,0,0,22,25,25,False,1,True,1
SD,TB,2,35,37,SD,28,2137,1,0,0,25,29,25,True,1,False,0
SD,TB,2,30,4,SD,57,1804,1,0,0,25,29,25,True,1,False,0
TEN,KC,2,42,2,KC,39,2522,0,1,0,30,15,15,False,0,True,1
DEN,KC,2,43,9,KC,48,2589,0,1,0,9,15,15,False,0,True,1
TEN,KC,2,30,8,KC,50,1808,0,1,0,30,15,15,False,0,True,1
KC,NE,2,30,22,KC,40,1822,1,0,0,15,18,15,True,1,False,0
NYG,ARI,2,33,52,ARI,20,2032,1,0,0,20,0,0,False,1,True,1
STL,ARI,2,31,3,ARI,22,1863,1,0,0,28,0,0,False,1,True,1
SF,ARI,2,34,45,ARI,33,2085,1,0,0,27,0,0,False,1,True,1
STL,ARI,2,37,5,ARI,44,2225,1,0,0,28,0,0,False,1,True,1
MIA,ARI,2,38,51,ARI,45,2331,1,0,0,16,0,0,False,1,True,1
BUF,ARI,2,30,5,ARI,47,1805,1,0,0,3,0,0,False,1,True,1
PHI,ARI,2,30,3,ARI,49,1803,1,0,0,23,0,0,False,1,True,1
NYG,ARI,2,30,11,ARI,68,1811,0,1,0,20,0,0,False,0,True,1
ARI,CAR,2,35,32,ARI,30,2132,1,0,0,0,4,0,True,1,False,0
ARI,CAR,2,40,21,ARI,49,2421,1,0,0,0,4,0,True,1,False,0
ARI,CAR,2,30,3,ARI,53,1803,0,1,0,0,4,0,True,0,False,0
ARI,SEA,2,34,38,ARI,48,2078,1,0,0,0,26,0,True,1,False,0
ARI,SEA,2,30,5,ARI,54,1805,1,0,0,0,26,0,True,1,False,0
ARI,STL,2,38,13,ARI,36,2293,1,0,0,0,28,0,True,1,False,0
SEA,ARI,2,37,14,SEA,42,2234,0,1,0,26,0,26,True,0,False,0
SEA,DAL,2,31,35,SEA,38,1895,1,0,0,26,8,26,True,1,False,0
SEA,NYG,2,30,7,SEA,29,1807,1,0,0,26,20,26,True,1,False,0
SF,SEA,2,30,2,SEA,38,1802,1,0,0,27,26,26,False,1,True,1
STL,SEA,2,30,8,SEA,38,1808,1,0,0,28,26,26,False,1,True,1
GB,SEA,2,43,10,SEA,50,2590,1,0,0,11,26,26,False,1,True,1
SF,SEA,2,32,54,SEA,51,1974,1,0,0,27,26,26,False,1,True,1
CLE,BAL,2,31,8,CLE,38,1868,1,0,0,7,2,7,True,1,False,0
BAL,CLE,2,35,53,CLE,23,2153,1,0,0,2,7,7,False,1,True,1
DEN,CLE,2,42,48,CLE,24,2568,1,0,0,9,7,7,False,1,True,1
IND,CLE,2,37,36,CLE,25,2256,1,0,0,13,7,7,False,1,True,1
HOU,CLE,2,38,3,CLE,32,2283,1,0,0,12,7,7,False,1,True,1
HOU,CLE,2,32,24,CLE,32,1944,1,0,0,12,7,7,False,1,True,1
DEN,CLE,2,31,14,CLE,52,1874,1,0,0,9,7,7,False,1,True,1
BAL,CLE,2,30,7,CLE,54,1807,1,0,0,2,7,7,False,1,True,1
CLE,JAC,2,32,13,CLE,32,1933,1,0,0,7,14,7,True,1,False,0
TEN,BAL,2,38,0,TEN,35,2280,1,0,0,30,2,30,True,1,False,0
TEN,CHI,2,30,2,TEN,49,1802,0,1,0,30,5,30,True,0,False,0
TEN,HOU,2,30,5,TEN,23,1805,1,0,0,30,12,30,True,1,False,0
GB,TEN,2,44,11,TEN,25,2651,1,0,0,11,30,30,False,1,True,1
MIN,TEN,2,40,23,TEN,32,2423,1,0,0,17,30,30,False,1,True,1
PIT,TEN,2,44,18,TEN,42,2658,1,0,0,24,30,30,False,1,True,1
IND,TEN,2,41,23,TEN,43,2483,0,1,0,13,30,30,False,0,True,1
NYJ,TEN,2,30,56,TEN,43,1856,1,0,0,21,30,30,False,1,True,1
IND,TEN,2,44,19,TEN,44,2659,1,0,0,13,30,30,False,1,True,1
CHI,ATL,2,34,7,CHI,36,2047,1,0,0,5,1,5,True,1,False,0
CHI,CAR,2,39,15,CHI,26,2355,1,0,0,5,4,5,True,1,False,0
MIN,CHI,2,43,37,CHI,26,2617,1,0,0,17,5,5,False,1,True,1
TB,CHI,2,30,3,CHI,28,1803,1,0,0,29,5,5,False,1,True,1
GB,CHI,2,34,10,CHI,31,2050,1,0,0,11,5,5,False,1,True,1
JAC,CHI,2,32,50,CHI,36,1970,1,0,0,14,5,5,False,1,True,1
DET,CHI,2,34,46,CHI,41,2086,1,0,0,10,5,5,False,1,True,1
MIN,CHI,2,33,57,CHI,42,2037,1,0,1,17,5,5,False,0,True,1
MIN,CHI,2,30,5,CHI,48,1805,1,0,0,17,5,5,False,1,True,1
CHI,GB,2,42,16,CHI,35,2536,1,0,0,5,11,5,True,1,False,0
CHI,IND,2,30,4,CHI,25,1804,1,0,0,5,13,5,True,1,False,0
CHI,IND,2,34,48,CHI,41,2088,1,0,0,5,13,5,True,1,False,0
CHI,STL,2,31,43,CHI,43,1903,1,0,0,5,28,5,True,1,False,0
SF,BUF,2,37,26,BUF,20,2246,0,1,0,27,3,3,False,0,True,1
CLE,BUF,2,30,3,BUF,26,1803,1,0,0,7,3,3,False,1,True,1
SD,BUF,2,30,19,BUF,27,1819,1,0,0,25,3,3,False,1,True,1
SEA,BUF,2,31,4,BUF,35,1864,1,0,0,26,3,3,False,1,True,1
SEA,BUF,2,30,5,BUF,38,1805,1,0,0,26,3,3,False,1,True,1
NE,BUF,2,41,27,BUF,47,2487,0,1,0,18,3,3,False,0,True,1
SD,BUF,2,40,58,BUF,52,2458,0,1,0,25,3,3,False,0,True,1
BUF,DEN,2,37,48,BUF,37,2268,1,0,0,3,9,3,True,1,False,0
BUF,JAC,2,36,24,BUF,21,2184,1,0,0,3,14,3,True,1,False,0
BUF,KC,2,45,0,BUF,21,2700,1,0,0,3,15,3,True,1,False,0
BUF,KC,2,31,36,BUF,34,1896,1,0,0,3,15,3,True,1,False,0
BUF,KC,2,38,20,BUF,39,2300,1,0,0,3,15,3,True,1,False,0
BUF,MIA,2,38,24,BUF,43,2304,1,0,0,3,16,3,True,1,False,0
BUF,MIA,2,30,2,BUF,47,1802,1,0,0,3,16,3,True,1,False,0
BUF,NE,2,37,9,BUF,25,2229,1,0,0,3,18,3,True,1,False,0
MIN,CHI,2,39,15,MIN,42,2355,1,0,0,17,5,17,True,1,False,0
MIN,DET,2,34,59,MIN,35,2099,1,0,0,17,10,17,True,1,False,0
MIN,GB,2,43,40,MIN,37,2620,1,0,0,17,11,17,True,1,False,0
CHI,MIN,2,42,46,MIN,23,2566,1,0,0,5,17,17,False,1,True,1
CAR,MIN,2,31,51,MIN,28,1911,1,0,0,4,17,17,False,1,True,1
NYG,MIN,2,45,0,MIN,48,2700,1,0,0,20,17,17,False,1,True,1
IND,MIN,2,30,5,MIN,53,1805,1,0,0,13,17,17,False,1,True,1
GB,MIN,2,43,1,MIN,54,2581,1,0,0,11,17,17,False,1,True,1
MIN,NO,2,30,8,MIN,33,1808,1,0,0,17,19,17,True,1,False,0
MIN,TB,2,31,52,MIN,37,1912,1,0,0,17,29,17,True,1,False,0
MIN,TEN,2,30,53,MIN,42,1853,1,0,0,17,30,17,True,1,False,0
MIN,TEN,2,30,4,MIN,48,1804,0,1,0,17,30,17,True,0,False,0
NE,BUF,2,34,21,NE,26,2061,0,1,0,18,3,18,True,0,False,0
NE,IND,2,40,24,NE,29,2424,1,0,0,18,13,18,True,1,False,0
NE,IND,2,31,31,NE,35,1891,1,0,0,18,13,18,True,1,False,0
PIT,NE,2,30,21,NE,27,1821,0,1,0,24,18,18,False,0,True,1
STL,NE,2,30,1,NE,27,1801,1,0,0,28,18,18,False,1,True,1
PIT,NE,2,36,52,NE,29,2212,1,0,0,24,18,18,False,1,True,1
STL,NE,2,31,53,NE,30,1913,1,0,0,28,18,18,False,1,True,1
NYJ,NE,2,39,48,NE,31,2388,1,0,0,21,18,18,False,1,True,1
BUF,NE,2,43,29,NE,32,2609,1,0,0,3,18,18,False,1,True,1
MIA,NE,2,41,36,NE,37,2496,1,0,0,16,18,18,False,1,True,1
ARI,NE,2,30,7,NE,38,1807,1,0,0,0,18,18,False,1,True,1
MIA,NE,2,34,58,NE,44,2098,1,0,0,16,18,18,False,1,True,1
BUF,NE,2,32,24,NE,49,1944,0,1,0,3,18,18,False,0,True,1
NE,NYJ,2,43,21,NE,37,2601,1,0,0,18,21,18,True,1,False,0
NE,SD,2,37,18,NE,47,2238,1,0,0,18,25,18,True,1,False,0
NE,SF,2,35,27,NE,35,2127,1,0,0,18,27,18,True,1,False,0
CIN,BAL,2,30,9,CIN,43,1809,1,0,0,6,2,6,True,1,False,0
PHI,CIN,2,44,12,CIN,20,2652,1,0,0,23,6,6,False,1,True,1
BAL,CIN,2,30,3,CIN,21,1803,1,0,0,2,6,6,False,1,True,1
KC,CIN,2,31,51,CIN,30,1911,1,0,0,15,6,6,False,1,True,1
WAS,CIN,2,41,24,CIN,32,2484,1,0,0,31,6,6,False,1,True,1
CLE,CIN,2,40,26,CIN,42,2426,1,0,0,7,6,6,False,1,True,1
CLE,CIN,2,30,13,CIN,45,1813,1,0,0,7,6,6,False,1,True,1
CIN,CLE,2,31,13,CIN,48,1873,0,1,0,6,7,6,True,0,False,0
CIN,DAL,2,30,37,CIN,31,1837,1,0,0,6,8,6,True,1,False,0
CIN,DAL,2,38,19,CIN,41,2299,1,0,0,6,8,6,True,1,False,0
CIN,HOU,2,30,54,CIN,32,1854,1,0,0,6,12,6,True,1,False,0
CIN,IND,2,36,11,CIN,19,2171,1,0,0,6,13,6,True,1,False,0
CIN,NYG,2,30,36,CIN,30,1836,1,0,0,6,20,6,True,1,False,0
PHI,BAL,2,30,22,BAL,53,1822,0,1,0,23,2,2,False,0,True,1
BAL,HOU,2,31,6,BAL,54,1866,1,0,0,2,12,2,True,1,False,0
OAK,BUF,2,32,0,OAK,32,1920,1,0,0,22,3,22,True,1,False,0
OAK,DEN,2,38,4,OAK,26,2284,1,0,0,22,9,22,True,1,False,0
OAK,MIA,2,31,12,OAK,21,1872,1,0,0,22,16,22,True,1,False,0
OAK,NO,2,31,53,OAK,57,1913,0,1,0,22,19,22,True,0,False,0
OAK,NO,2,30,11,OAK,59,1811,0,1,0,22,19,22,True,0,False,0
SD,OAK,2,35,31,OAK,28,2131,1,0,0,25,22,22,False,1,True,1
NYJ,OAK,2,34,9,OAK,40,2049,0,1,0,21,22,22,False,0,True,1
SD,OAK,2,30,1,OAK,76,1801,0,1,0,25,22,22,False,0,True,1
WAS,BAL,2,41,39,WAS,48,2499,0,1,0,31,2,31,True,0,False,0
WAS,CIN,2,30,19,WAS,23,1819,1,0,0,31,6,31,True,1,False,0
WAS,DAL,2,31,56,WAS,20,1916,1,0,0,31,8,31,True,1,False,0
WAS,DET,2,30,4,WAS,47,1804,1,0,0,31,10,31,True,1,False,0
WAS,DET,2,33,29,WAS,50,2009,0,1,0,31,10,31,True,0,False,0
WAS,PHI,2,42,4,WAS,41,2524,1,0,0,31,23,31,True,1,False,0
WAS,PHI,2,32,0,WAS,48,1920,1,0,0,31,23,31,True,1,False,0
WAS,PHI,2,30,5,WAS,50,1805,1,0,0,31,23,31,True,1,False,0
WAS,SF,2,41,32,WAS,41,2492,1,0,0,31,27,31,True,1,False,0
NO,WAS,2,35,23,WAS,30,2123,0,1,0,19,31,31,False,0,True,1
PHI,WAS,2,33,28,WAS,33,2008,1,0,0,23,31,31,False,1,True,1
NO,WAS,2,31,9,WAS,35,1869,1,0,0,19,31,31,False,1,True,1
CLE,WAS,2,30,4,WAS,36,1804,0,1,0,7,31,31,False,0,True,1
NO,WAS,2,43,30,WAS,36,2610,1,0,0,19,31,31,False,1,True,1
DAL,WAS,2,30,9,WAS,41,1809,1,0,0,8,31,31,False,1,True,1
NYG,WAS,2,30,8,WAS,42,1808,0,1,0,20,31,31,False,0,True,1
ARI,WAS,2,43,13,WAS,48,2593,1,0,0,0,31,31,False,1,True,1
PHI,WAS,2,44,20,WAS,54,2660,0,1,0,23,31,31,False,0,True,1
OAK,NO,2,30,54,NO,44,1854,1,0,0,22,19,19,False,1,True,1
IND,CLE,3,19,12,IND,46,1152,0,1,0,13,7,13,True,0,False,0
IND,GB,3,24,5,IND,45,1445,1,0,1,13,11,13,True,0,False,0
IND,PIT,3,23,18,IND,36,1398,1,0,0,13,24,13,True,1,False,0
NO,KC,3,22,44,KC,21,1364,1,0,0,19,15,15,False,1,True,1
MIA,KC,3,24,11,KC,27,1451,1,0,0,16,15,15,False,1,True,1
KC,NYJ,3,24,56,KC,30,1496,1,0,0,15,21,15,True,1,False,0
PHI,CHI,3,19,27,PHI,24,1167,1,0,0,23,5,23,True,1,False,0
PHI,CHI,3,23,6,PHI,47,1386,0,1,0,23,5,23,True,0,False,0
PHI,NYG,3,23,2,PHI,34,1382,1,0,1,23,20,23,True,0,False,0
PHI,NYG,3,22,53,PHI,35,1373,1,0,0,23,20,23,True,1,False,0
STL,PHI,3,17,31,PHI,23,1051,1,0,0,28,23,23,False,1,True,1
CLE,PHI,3,18,35,PHI,34,1115,1,0,0,7,23,23,False,1,True,1
ARI,PHI,3,15,29,PHI,41,929,1,0,0,0,23,23,False,1,True,1
DAL,PHI,3,21,10,PHI,41,1270,1,0,0,8,23,23,False,1,True,1
PHI,SEA,3,16,31,PHI,24,991,1,0,0,23,26,23,True,1,False,0
PHI,SEA,3,26,29,PHI,39,1589,1,0,0,23,26,23,True,1,False,0
PHI,WAS,3,19,22,PHI,22,1162,1,0,0,23,31,23,True,1,False,0
MIA,ARI,3,20,30,MIA,32,1230,1,0,0,16,0,16,True,1,False,0
SD,MIA,3,21,9,MIA,42,1269,0,1,0,25,16,16,False,0,True,1
BUF,MIA,3,23,1,MIA,43,1381,1,0,0,3,16,16,False,1,True,1
MIA,STL,3,21,14,MIA,47,1274,1,0,0,16,28,16,True,1,False,0
PIT,CIN,3,17,42,CIN,26,1062,1,0,0,24,6,6,False,1,True,1
STL,ATL,3,16,43,STL,31,1003,1,0,0,28,1,28,True,1,False,0
STL,NE,3,23,8,STL,44,1388,1,0,0,28,18,28,True,1,False,0
STL,NYJ,3,24,56,STL,37,1496,1,0,0,28,21,28,True,1,False,0
STL,SF,3,15,3,STL,44,903,1,0,0,28,27,28,True,1,False,0
STL,SF,3,18,56,STL,48,1136,1,0,0,28,27,28,True,1,False,0
BUF,STL,3,18,41,STL,51,1121,0,1,0,3,28,28,False,0,True,1
STL,WAS,3,23,25,STL,25,1405,1,0,0,28,31,28,True,1,False,0
STL,WAS,3,15,29,STL,44,929,1,0,0,28,31,28,True,1,False,0
SF,NYG,3,17,3,NYG,35,1023,1,0,1,27,20,20,False,0,True,1
SEA,NYG,3,16,43,NYG,35,1003,1,0,0,26,20,20,False,1,True,1
PHI,NYG,3,27,37,NYG,36,1657,1,0,0,23,20,20,False,1,True,1
CIN,NYG,3,21,33,NYG,46,1293,1,0,0,6,20,20,False,1,True,1
PHI,NYG,3,19,25,NYG,47,1165,0,1,0,23,20,20,False,0,True,1
NO,ATL,3,17,9,ATL,27,1029,1,0,0,19,1,1,False,1,True,1
CHI,ATL,3,25,41,ATL,41,1541,1,0,0,5,1,1,False,1,True,1
DET,ATL,3,24,50,ATL,50,1490,1,0,0,10,1,1,False,1,True,1
ATL,NO,3,18,9,ATL,23,1089,1,0,0,1,19,1,True,1,False,0
ATL,TB,3,16,7,ATL,27,967,1,0,0,1,29,1,True,1,False,0
NYJ,BUF,3,23,57,NYJ,20,1437,1,0,0,21,3,21,True,1,False,0
DEN,NYJ,3,17,55,NYJ,30,1075,1,0,0,9,21,21,False,1,True,1
CIN,NYJ,3,20,42,NYJ,43,1242,1,0,0,6,21,21,False,1,True,1
NYJ,TEN,3,23,11,NYJ,30,1391,1,0,0,21,30,21,True,1,False,0
TB,DET,3,17,47,DET,40,1067,1,0,0,29,10,10,False,1,True,1
GB,DET,3,26,32,DET,49,1592,1,0,0,11,10,10,False,1,True,1
GB,DET,3,23,20,DET,53,1400,1,0,0,11,10,10,False,1,True,1
DET,IND,3,25,4,DET,30,1504,1,0,0,10,13,10,True,1,False,0
DET,SF,3,16,48,DET,51,1008,1,0,0,10,27,10,True,1,False,0
CAR,ATL,3,20,30,CAR,21,1230,1,0,0,4,1,4,True,1,False,0
DET,CAR,3,23,29,CAR,29,1409,1,0,0,10,4,4,False,1,True,1
KC,CAR,3,25,18,CAR,32,1518,1,0,0,15,4,4,False,1,True,1
ATL,CAR,3,16,44,CAR,44,1004,1,0,0,1,4,4,False,1,True,1
CHI,CAR,3,20,27,CAR,45,1227,1,0,0,5,4,4,False,1,True,1
CAR,NO,3,18,27,CAR,41,1107,0,1,0,4,19,4,True,0,False,0
SF,ARI,3,22,5,SF,41,1325,1,0,0,27,0,27,True,1,False,0
SF,DAL,3,23,27,SF,35,1407,1,0,0,27,8,27,True,1,False,0
SF,MIA,3,17,50,SF,23,1070,1,0,0,27,16,27,True,1,False,0
SF,NO,3,25,23,SF,38,1523,1,0,0,27,19,27,True,1,False,0
PHI,SF,3,18,5,SF,29,1085,1,0,0,23,27,27,False,1,True,1
SEA,SF,3,19,17,SF,40,1157,1,0,0,26,27,27,False,1,True,1
DET,SF,3,20,47,SF,43,1247,0,1,0,10,27,27,False,0,True,1
JAC,HOU,3,18,33,JAC,29,1113,1,0,0,14,12,14,True,1,False,0
BUF,JAC,3,21,11,JAC,50,1271,1,0,0,3,14,14,False,1,True,1
JAC,TEN,3,18,58,JAC,37,1138,0,1,0,14,30,14,True,0,False,0
PIT,ARI,3,17,16,PIT,21,1036,1,0,0,24,0,24,True,1,False,0
PIT,CLE,3,23,2,PIT,48,1382,1,0,0,24,7,24,True,1,False,0
PIT,NE,3,17,53,PIT,20,1073,1,0,0,24,18,24,True,1,False,0
PIT,NE,3,20,43,PIT,25,1243,1,0,0,24,18,24,True,1,False,0
CIN,PIT,3,23,22,PIT,38,1402,1,0,0,6,24,24,False,1,True,1
SD,PIT,3,23,45,PIT,41,1425,1,0,0,25,24,24,False,1,True,1
BAL,PIT,3,18,43,PIT,46,1123,1,0,0,2,24,24,False,1,True,1
CLE,PIT,3,20,39,PIT,22,1239,1,0,0,7,24,24,False,1,True,1
HOU,CLE,3,23,53,HOU,36,1433,1,0,0,12,7,12,True,1,False,0
HOU,GB,3,26,57,HOU,41,1617,1,0,0,12,11,12,True,1,False,0
JAC,HOU,3,15,49,HOU,20,949,1,0,0,14,12,12,False,1,True,1
TEN,HOU,3,15,43,HOU,26,943,0,1,0,30,12,12,False,0,True,1
IND,HOU,3,15,25,HOU,43,925,1,0,0,13,12,12,False,1,True,1
JAC,HOU,3,25,18,HOU,50,1518,1,0,0,14,12,12,False,1,True,1
TB,DAL,3,15,39,TB,41,939,1,0,0,29,8,29,True,1,False,0
TB,NO,3,15,38,TB,33,938,1,0,0,29,19,29,True,1,False,0
CAR,TB,3,21,8,TB,49,1268,1,0,0,4,29,29,False,1,True,1
GB,CHI,3,18,36,GB,46,1116,0,1,0,11,5,11,True,0,False,0
GB,DET,3,17,32,GB,25,1052,1,0,0,11,10,11,True,1,False,0
IND,GB,3,17,41,GB,29,1061,1,0,0,13,11,11,False,1,True,1
DAL,GB,3,21,1,GB,33,1261,1,0,0,8,11,11,False,1,True,1
CAR,GB,3,28,57,GB,44,1737,1,0,0,4,11,11,False,1,True,1
ATL,GB,3,15,32,GB,50,932,1,0,0,1,11,11,False,1,True,1
GB,TEN,3,15,15,GB,25,915,1,0,0,11,30,11,True,1,False,0
TB,NO,3,17,54,NO,34,1074,1,0,0,29,19,19,False,1,True,1
DEN,CAR,3,16,52,DEN,47,1012,0,1,0,9,4,9,True,0,False,0
DEN,CLE,3,20,40,DEN,30,1240,1,0,0,9,7,9,True,1,False,0
KC,DEN,3,23,21,DEN,33,1401,1,0,0,15,9,9,False,1,True,1
NO,DEN,3,17,24,DEN,34,1044,1,0,0,19,9,9,False,1,True,1
JAC,DEN,3,23,45,DEN,39,1425,1,0,0,14,9,9,False,1,True,1
KC,DEN,3,16,54,DEN,48,1014,0,1,0,15,9,9,False,0,True,1
MIA,DEN,3,18,4,DEN,49,1084,0,1,0,16,9,9,False,0,True,1
MIA,DEN,3,23,16,DEN,50,1396,1,0,0,16,9,9,False,1,True,1
DEN,KC,3,27,17,DEN,51,1637,1,0,0,9,15,9,True,1,False,0
DEN,OAK,3,18,21,DEN,43,1101,1,0,0,9,22,9,True,1,False,0
PIT,BAL,3,21,3,BAL,28,1263,1,0,0,24,2,2,False,1,True,1
OAK,BAL,3,18,22,BAL,30,1102,1,0,0,22,2,2,False,1,True,1
WAS,BAL,3,19,15,BAL,32,1155,1,0,0,31,2,2,False,1,True,1
JAC,BAL,3,18,30,BAL,41,1110,1,0,0,14,2,2,False,1,True,1
BAL,HOU,3,18,12,BAL,50,1092,0,1,0,2,12,2,True,0,False,0
BAL,IND,3,16,19,BAL,37,979,1,0,0,2,13,2,True,1,False,0
BAL,MIA,3,23,36,BAL,28,1416,1,0,0,2,16,2,True,1,False,0
DAL,ARI,3,15,4,DAL,52,904,1,0,0,8,0,8,True,1,False,0
TB,DAL,3,20,18,DAL,45,1218,1,0,0,29,8,8,False,1,True,1
DAL,PIT,3,18,36,DAL,33,1116,1,0,0,8,24,8,True,1,False,0
DAL,STL,3,24,38,DAL,46,1478,0,1,0,8,28,8,True,0,False,0
SD,DEN,3,22,32,SD,21,1352,1,0,0,25,9,25,True,1,False,0
SD,NO,3,18,30,SD,24,1110,1,0,0,25,19,25,True,1,False,0
SD,OAK,3,22,39,SD,28,1359,1,0,0,25,22,25,True,1,False,0
SD,PIT,3,19,26,SD,42,1166,0,1,0,25,24,25,True,0,False,0
CAR,SD,3,20,14,SD,27,1214,1,0,0,4,25,25,False,1,True,1
NE,SD,3,19,22,SD,35,1162,1,0,0,18,25,25,False,1,True,1
DEN,KC,3,23,47,KC,43,1427,1,0,0,9,15,15,False,1,True,1
DAL,ARI,3,18,21,ARI,41,1101,1,0,0,8,0,0,False,1,True,1
ATL,ARI,3,26,59,ARI,51,1619,0,1,0,1,0,0,False,0,True,1
ARI,CAR,3,19,44,ARI,33,1184,1,0,0,0,4,0,True,1,False,0
ARI,SEA,3,24,39,ARI,26,1479,1,0,0,0,26,0,True,1,False,0
ARI,SF,3,23,29,ARI,31,1409,1,0,0,0,27,0,True,1,False,0
ARI,WAS,3,24,25,ARI,26,1465,1,0,0,0,31,0,True,1,False,0
SEA,BUF,3,21,47,SEA,45,1307,1,0,0,26,3,26,True,1,False,0
SEA,DAL,3,24,40,SEA,25,1480,1,0,0,26,8,26,True,1,False,0
SEA,MIA,3,18,35,SEA,27,1115,1,0,0,26,16,26,True,1,False,0
SEA,MIA,3,26,11,SEA,37,1571,1,0,0,26,16,26,True,1,False,0
NYJ,SEA,3,17,46,SEA,31,1066,1,0,0,21,26,26,False,1,True,1
WAS,SEA,3,28,3,SEA,53,1683,0,1,0,31,26,26,False,0,True,1
SEA,STL,3,24,59,SEA,28,1499,1,0,0,26,28,26,True,1,False,0
SEA,STL,3,19,40,SEA,50,1180,1,0,0,26,28,26,True,1,False,0
SEA,TB,3,25,26,SEA,26,1526,1,0,0,26,29,26,True,1,False,0
SEA,TB,3,21,38,SEA,38,1298,0,1,0,26,29,26,True,0,False,0
CLE,BUF,3,21,32,CLE,43,1292,1,0,0,7,3,7,True,1,False,0
NYG,CLE,3,26,58,CLE,26,1618,1,0,0,20,7,7,False,1,True,1
PIT,CLE,3,16,29,CLE,31,989,1,0,0,24,7,7,False,1,True,1
DEN,CLE,3,25,25,CLE,33,1525,1,0,0,9,7,7,False,1,True,1
IND,CLE,3,24,56,CLE,34,1496,0,1,0,13,7,7,False,0,True,1
CLE,TEN,3,22,3,CLE,44,1323,0,1,0,7,30,7,True,0,False,0
CLE,WAS,3,17,48,CLE,37,1068,1,0,0,7,31,7,True,1,False,0
TEN,CIN,3,19,55,TEN,34,1195,1,0,0,30,6,30,True,1,False,0
TEN,DET,3,17,24,TEN,41,1044,1,0,0,30,10,30,True,1,False,0
TEN,DET,3,27,8,TEN,49,1628,1,0,0,30,10,30,True,1,False,0
TEN,HOU,3,24,45,TEN,51,1485,1,0,0,30,12,30,True,1,False,0
TEN,IND,3,23,22,TEN,48,1402,0,1,0,30,13,30,True,0,False,0
TEN,KC,3,15,24,TEN,46,924,1,0,0,30,15,30,True,1,False,0
GB,TEN,3,19,16,TEN,22,1156,1,0,0,11,30,30,False,1,True,1
HOU,TEN,3,21,41,TEN,44,1301,1,0,0,12,30,30,False,1,True,1
MIN,TEN,3,21,59,TEN,49,1319,1,0,0,17,30,30,False,1,True,1
BAL,TEN,3,25,5,TEN,51,1505,0,1,0,2,30,30,False,0,True,1
CHI,STL,3,20,17,CHI,38,1217,1,0,0,5,28,5,True,1,False,0
BUF,ARI,3,24,39,BUF,48,1479,1,0,0,3,0,3,True,1,False,0
SF,BUF,3,23,57,BUF,22,1437,1,0,0,27,3,3,False,1,True,1
CLE,BUF,3,15,26,BUF,31,926,1,0,0,7,3,3,False,1,True,1
OAK,BUF,3,26,42,BUF,46,1602,0,1,0,22,3,3,False,0,True,1
NYJ,BUF,3,18,38,BUF,53,1118,1,0,0,21,3,3,False,1,True,1
BUF,DEN,3,20,2,BUF,28,1202,1,0,0,3,9,3,True,1,False,0
BUF,DEN,3,24,58,BUF,49,1498,1,0,0,3,9,3,True,1,False,0
BUF,KC,3,25,9,BUF,38,1509,1,0,0,3,15,3,True,1,False,0
BUF,NYJ,3,18,42,BUF,48,1122,1,0,0,3,21,3,True,1,False,0
MIN,ARI,3,19,41,MIN,34,1181,1,0,1,17,0,17,True,0,False,0
MIN,GB,3,25,55,MIN,27,1555,1,0,0,17,11,17,True,1,False,0
MIN,JAC,3,22,47,MIN,32,1367,1,0,0,17,14,17,True,1,False,0
IND,MIN,3,19,13,MIN,28,1153,1,0,0,13,17,17,False,1,True,1
IND,MIN,3,25,44,MIN,46,1544,1,0,0,13,17,17,False,1,True,1
GB,MIN,3,22,12,MIN,47,1332,0,1,0,11,17,17,False,0,True,1
ARI,NE,3,18,35,NE,24,1115,1,0,0,0,18,18,False,1,True,1
ARI,NE,3,23,25,NE,35,1405,1,0,0,0,18,18,False,1,True,1
BUF,NE,3,23,18,NE,37,1398,1,0,0,3,18,18,False,1,True,1
NE,NYJ,3,15,22,NE,28,922,1,0,0,18,21,18,True,1,False,0
NE,SEA,3,17,45,NE,42,1065,1,0,0,18,26,18,True,1,False,0
TEN,CIN,3,25,9,CIN,37,1509,0,1,0,30,6,6,False,0,True,1
PHI,CIN,3,25,29,CIN,41,1529,1,0,0,23,6,6,False,1,True,1
OAK,BAL,3,25,21,OAK,22,1521,1,0,0,22,2,22,True,1,False,0
OAK,MIA,3,20,57,OAK,46,1257,0,1,0,22,16,22,True,0,False,0
CAR,OAK,3,28,32,OAK,38,1712,1,0,0,4,22,22,False,1,True,1
CAR,OAK,3,24,0,OAK,45,1440,1,0,0,4,22,22,False,1,True,1
WAS,DAL,3,22,35,WAS,33,1355,1,0,0,31,8,31,True,1,False,0
WAS,DET,3,26,7,WAS,45,1567,1,0,0,31,10,31,True,1,False,0
WAS,SEA,3,22,24,WAS,26,1344,1,0,0,31,26,31,True,1,False,0
DAL,WAS,3,18,22,WAS,46,1102,0,1,0,8,31,31,False,0,True,1
HOU,IND,4,1,57,IND,31,117,1,0,0,12,13,13,False,1,True,1
DET,IND,4,0,44,IND,31,44,1,0,0,10,13,13,False,1,True,1
NE,IND,4,8,9,IND,52,489,1,0,0,18,13,13,False,1,True,1
IND,JAC,4,6,34,IND,45,394,1,0,0,13,14,13,True,1,False,0
IND,MIN,4,14,51,IND,30,891,0,1,0,13,17,13,True,0,False,0
IND,MIN,4,0,8,IND,47,8,1,0,0,13,17,13,True,1,False,0
IND,SD,4,11,51,IND,38,711,1,0,0,13,25,13,True,1,False,0
IND,SD,4,0,2,IND,51,2,1,0,0,13,25,13,True,1,False,0
TB,KC,4,7,41,KC,28,461,1,0,0,29,15,15,False,1,True,1
SD,KC,4,0,1,KC,50,1,0,1,0,25,15,15,False,0,True,1
KC,OAK,4,8,59,KC,27,539,1,0,0,15,22,15,True,1,False,0
PHI,CHI,4,13,26,PHI,31,806,1,0,0,23,5,23,True,1,False,0
PHI,CIN,4,5,22,PHI,27,322,1,0,0,23,6,23,True,1,False,0
PHI,MIN,4,2,0,PHI,45,120,1,0,0,23,17,23,True,1,False,0
PHI,NYG,4,4,2,PHI,20,242,1,0,0,23,20,23,True,1,False,0
PHI,NYG,4,2,14,PHI,34,134,1,0,0,23,20,23,True,1,False,0
ATL,PHI,4,7,59,PHI,18,479,1,0,0,1,23,23,False,1,True,1
WAS,PHI,4,7,21,PHI,23,441,1,0,0,31,23,23,False,1,True,1
PIT,PHI,4,2,30,PHI,31,150,1,0,0,24,23,23,False,1,True,1
CLE,PHI,4,14,56,PHI,34,896,1,0,0,7,23,23,False,1,True,1
DAL,PHI,4,15,0,PHI,40,900,0,1,0,8,23,23,False,0,True,1
PHI,SEA,4,4,40,PHI,39,280,1,0,0,23,26,23,True,1,False,0
PHI,SEA,4,9,33,PHI,42,573,1,0,0,23,26,23,True,1,False,0
PHI,SF,4,5,17,PHI,25,317,1,0,0,23,27,23,True,1,False,0
PHI,SF,4,1,14,PHI,28,74,1,0,0,23,27,23,True,1,False,0
PHI,SF,4,7,50,PHI,38,470,1,0,0,23,27,23,True,1,False,0
MIA,BUF,4,8,14,MIA,27,494,1,0,0,16,3,16,True,1,False,0
MIA,BUF,4,2,14,MIA,48,134,0,1,0,16,3,16,True,0,False,0
MIA,DEN,4,12,2,MIA,41,722,1,0,0,16,9,16,True,1,False,0
BUF,MIA,4,3,57,MIA,35,237,1,0,0,3,16,16,False,1,True,1
BUF,MIA,4,13,22,MIA,45,802,1,0,0,3,16,16,False,1,True,1
OAK,MIA,4,0,43,MIA,38,43,1,0,0,22,16,16,False,1,True,1
SF,MIA,4,2,41,MIA,49,161,0,1,0,27,16,16,False,0,True,1
MIA,NE,4,6,13,MIA,39,373,1,0,0,16,18,16,True,1,False,0
MIA,NYJ,4,9,25,MIA,48,565,1,0,0,16,21,16,True,1,False,0
MIA,STL,4,6,44,MIA,42,404,1,0,0,16,28,16,True,1,False,0
NO,CHI,4,9,11,NO,30,551,1,0,0,19,5,19,True,1,False,0
NO,KC,4,3,32,NO,35,212,1,0,0,19,15,19,True,1,False,0
NO,TB,4,5,38,NO,43,338,1,0,0,19,29,19,True,1,False,0
STL,ARI,4,10,26,STL,51,626,1,0,0,28,0,28,True,1,False,0
STL,ATL,4,6,42,STL,27,402,1,0,0,28,1,28,True,1,False,0
STL,NE,4,12,28,STL,25,748,1,0,0,28,18,28,True,1,False,0
STL,PHI,4,9,6,STL,46,546,1,0,0,28,23,28,True,1,False,0
SF,STL,4,11,40,STL,22,700,1,0,0,27,28,28,False,1,True,1
DAL,STL,4,10,37,STL,35,637,1,0,0,8,28,28,False,1,True,1
MIA,STL,4,12,19,STL,38,739,1,0,0,16,28,28,False,1,True,1
SEA,STL,4,11,9,STL,48,669,1,0,0,26,28,28,False,1,True,1
STL,WAS,4,0,2,STL,49,2,1,0,0,28,31,28,True,1,False,0
NYG,ARI,4,6,22,NYG,27,382,1,0,0,20,0,20,True,1,False,0
NYG,ARI,4,2,0,NYG,33,120,1,0,0,20,0,20,True,1,False,0
NYG,DAL,4,5,53,NYG,47,353,1,0,0,20,8,20,True,1,False,0
NYG,MIN,4,11,25,NYG,20,685,1,0,0,20,17,20,True,1,False,0
NYG,MIN,4,3,22,NYG,48,202,0,1,0,20,17,20,True,0,False,0
CIN,NYG,4,11,43,NYG,26,703,1,0,0,6,20,20,False,1,True,1
SF,NYG,4,12,22,NYG,48,742,1,0,0,27,20,20,False,1,True,1
NYG,PHI,4,13,34,NYG,28,814,1,0,0,20,23,20,True,1,False,0
NYG,PIT,4,8,21,NYG,24,501,1,0,0,20,24,20,True,1,False,0
NYG,WAS,4,6,31,NYG,39,391,1,0,0,20,31,20,True,1,False,0
DET,ATL,4,10,27,ATL,25,627,1,0,0,10,1,1,False,1,True,1
CHI,ATL,4,2,50,ATL,33,170,0,1,0,5,1,1,False,0,True,1
CHI,ATL,4,0,1,ATL,48,1,1,0,0,5,1,1,False,1,True,1
ATL,GB,4,7,23,ATL,41,443,1,0,0,1,11,1,True,1,False,0
ATL,OAK,4,14,25,ATL,51,865,0,1,0,1,22,1,True,0,False,0
ATL,TB,4,5,17,ATL,24,317,1,0,0,1,29,1,True,1,False,0
NYJ,BUF,4,2,16,NYJ,31,136,1,0,0,21,3,21,True,1,False,0
BUF,NYJ,4,13,21,NYJ,31,801,1,0,0,3,21,21,False,1,True,1
ARI,NYJ,4,3,11,NYJ,44,191,0,1,0,0,21,21,False,0,True,1
NYJ,OAK,4,0,8,NYJ,52,8,1,0,0,21,22,21,True,1,False,0
NYJ,SD,4,8,25,NYJ,32,505,1,0,0,21,25,21,True,1,False,0
MIN,DET,4,5,48,DET,39,348,1,0,0,17,10,10,False,1,True,1
DET,HOU,4,4,21,DET,54,261,1,0,0,10,12,10,True,1,False,0
NO,CAR,4,2,0,CAR,28,120,1,0,0,19,4,4,False,1,True,1
DEN,CAR,4,11,27,CAR,42,687,1,0,0,9,4,4,False,1,True,1
KC,CAR,4,13,9,CAR,43,789,1,0,0,15,4,4,False,1,True,1
ARI,CAR,4,9,13,CAR,50,553,1,0,0,0,4,4,False,1,True,1
CAR,NO,4,0,6,CAR,42,6,1,0,0,4,19,4,True,1,False,0
CAR,NYG,4,0,9,CAR,50,9,0,1,0,4,20,4,True,0,False,0
CAR,OAK,4,1,54,CAR,32,114,1,0,0,4,22,4,True,1,False,0
CAR,SD,4,10,15,CAR,49,615,1,0,0,4,25,4,True,1,False,0
SF,MIA,4,9,26,SF,28,566,1,0,0,27,16,27,True,1,False,0
SF,SEA,4,2,46,SF,28,166,1,0,0,27,26,27,True,1,False,0
SF,SEA,4,0,3,SF,41,3,0,1,0,27,26,27,True,0,False,0
DET,SF,4,4,25,SF,25,265,1,0,0,10,27,27,False,1,True,1
ARI,SF,4,12,9,SF,30,729,1,0,0,0,27,27,False,1,True,1
NYJ,SF,4,14,47,SF,32,887,1,0,0,21,27,27,False,1,True,1
WAS,SF,4,5,11,SF,33,311,1,0,0,31,27,27,False,1,True,1
WAS,SF,4,0,3,SF,39,3,1,0,0,31,27,27,False,1,True,1
JAC,CIN,4,13,31,JAC,26,811,1,0,0,14,6,14,True,1,False,0
JAC,IND,4,2,36,JAC,21,156,1,0,0,14,13,14,True,1,False,0
JAC,IND,4,0,8,JAC,51,8,1,0,0,14,13,14,True,1,False,0
CLE,JAC,4,12,57,JAC,38,777,1,0,1,7,14,14,False,0,True,1
BUF,JAC,4,14,36,JAC,39,876,1,0,0,3,14,14,False,1,True,1
HOU,JAC,4,13,44,JAC,40,824,1,0,0,12,14,14,False,1,True,1
CLE,JAC,4,8,53,JAC,53,533,1,0,0,7,14,14,False,1,True,1
JAC,TEN,4,2,18,JAC,27,138,1,0,0,14,30,14,True,1,False,0
PIT,BAL,4,9,29,PIT,30,569,1,0,0,24,2,24,True,1,False,0
PIT,NE,4,11,34,PIT,40,694,0,1,0,24,18,24,True,0,False,0
PIT,NE,4,5,48,PIT,45,348,1,0,0,24,18,24,True,1,False,0
BAL,PIT,4,9,23,PIT,19,563,1,0,0,2,24,24,False,1,True,1
IND,PIT,4,8,1,PIT,24,481,1,0,0,13,24,24,False,1,True,1
SD,PIT,4,0,15,PIT,32,15,1,0,0,25,24,24,False,1,True,1
DAL,PIT,4,7,20,PIT,41,440,1,0,0,8,24,24,False,1,True,1
HOU,PIT,4,5,28,PIT,44,328,1,0,0,12,24,24,False,1,True,1
HOU,GB,4,0,4,HOU,40,4,1,0,0,12,11,12,True,1,False,0
CHI,HOU,4,11,58,HOU,22,718,1,0,0,5,12,12,False,1,True,1
TEN,HOU,4,11,49,HOU,24,709,1,0,0,30,12,12,False,1,True,1
MIA,HOU,4,6,8,HOU,42,368,1,0,0,16,12,12,False,1,True,1
HOU,JAC,4,0,6,HOU,47,6,1,0,0,12,14,12,True,1,False,0
HOU,OAK,4,10,0,HOU,40,600,1,0,0,12,22,12,True,1,False,0
BAL,NYG,4,12,7,NYG,19,727,1,0,0,2,20,20,False,1,True,1
TB,ATL,4,0,48,TB,38,48,1,0,0,29,1,29,True,1,False,0
TB,ATL,4,3,43,TB,53,223,0,1,0,29,1,29,True,0,False,0
TB,CHI,4,3,16,TB,35,196,1,0,0,29,5,29,True,1,False,0
TB,DET,4,12,54,TB,48,774,1,0,0,29,10,29,True,1,False,0
GB,TB,4,2,28,TB,24,148,1,0,0,11,29,29,False,1,True,1
MIN,TB,4,3,34,TB,26,214,1,0,0,17,29,29,False,1,True,1
SEA,TB,4,4,39,TB,27,279,1,0,0,26,29,29,False,1,True,1
MIN,TB,4,5,41,TB,29,341,1,0,0,17,29,29,False,1,True,1
OAK,TB,4,14,56,TB,29,896,1,0,0,22,29,29,False,1,True,1
NO,TB,4,2,0,TB,37,120,1,0,0,19,29,29,False,1,True,1
MIN,TB,4,2,0,TB,46,120,0,1,0,17,29,29,False,0,True,1
GB,CHI,4,13,2,GB,28,782,1,0,0,11,5,11,True,1,False,0
GB,CHI,4,0,25,GB,38,25,1,0,1,11,5,11,True,0,False,0
GB,DET,4,5,21,GB,39,321,1,0,0,11,10,11,True,1,False,0
CAR,GB,4,2,0,GB,19,120,1,0,0,4,11,11,False,1,True,1
CHI,GB,4,9,54,GB,33,594,1,0,0,5,11,11,False,1,True,1
DET,GB,4,13,38,GB,36,818,1,0,0,10,11,11,False,1,True,1
CHI,GB,4,2,0,GB,45,120,1,0,0,5,11,11,False,1,True,1
GB,JAC,4,5,40,GB,38,340,1,0,0,11,14,11,True,1,False,0
GB,MIN,4,6,0,GB,40,360,1,0,0,11,17,11,True,1,False,0
GB,MIN,4,0,31,GB,52,31,0,1,0,11,17,11,True,0,False,0
GB,SEA,4,8,47,GB,51,527,1,0,0,11,26,11,True,1,False,0
GB,TEN,4,5,35,GB,38,335,1,0,0,11,30,11,True,1,False,0
NO,DEN,4,2,0,NO,43,120,0,1,0,19,9,19,True,0,False,0
SF,NO,4,0,32,NO,31,32,1,0,0,27,19,19,False,1,True,1
MIN,NO,4,2,4,NO,46,124,0,1,0,17,19,19,False,0,True,1
MIN,NO,4,13,26,NO,53,806,1,0,0,17,19,19,False,1,True,1
DEN,ATL,4,15,0,DEN,20,900,1,0,0,9,1,9,True,1,False,0
TB,DEN,4,12,28,DEN,27,748,1,0,0,29,9,9,False,1,True,1
BUF,DEN,4,11,8,DEN,43,668,1,0,0,3,9,9,False,1,True,1
DEN,KC,4,8,1,DEN,22,481,1,0,0,9,15,9,True,1,False,0
DEN,KC,4,2,9,DEN,33,129,1,0,0,9,15,9,True,1,False,0
PHI,BAL,4,14,57,BAL,42,897,1,0,0,23,2,2,False,1,True,1
BAL,CLE,4,5,40,BAL,22,340,1,0,0,2,7,2,True,1,False,0
BAL,DAL,4,6,34,BAL,35,394,1,0,0,2,8,2,True,1,False,0
BAL,TEN,4,14,14,BAL,21,854,1,0,0,2,30,2,True,1,False,0
BAL,TEN,4,0,57,BAL,43,57,1,0,0,2,30,2,True,1,False,0
BAL,DAL,4,11,32,DAL,35,692,1,0,0,2,8,8,False,1,True,1
SF,DAL,4,5,11,DAL,42,311,1,0,0,27,8,8,False,1,True,1
SEA,DAL,4,8,59,DAL,42,539,1,0,0,26,8,8,False,1,True,1
PHI,DAL,4,10,34,DAL,47,634,1,0,0,23,8,8,False,1,True,1
SF,DAL,4,14,53,DAL,47,893,1,0,0,27,8,8,False,1,True,1
DAL,PHI,4,7,49,DAL,42,469,1,0,0,8,23,8,True,1,False,0
SD,DEN,4,14,11,SD,28,851,1,0,0,25,9,25,True,1,False,0
SD,NO,4,9,38,SD,31,578,1,0,0,25,19,25,True,1,False,0
SD,OAK,4,8,19,SD,47,499,0,1,0,25,22,25,True,0,False,0
SD,OAK,4,1,55,SD,47,115,1,0,0,25,22,25,True,1,False,0
SD,PIT,4,6,44,SD,22,404,1,0,0,25,24,25,True,1,False,0
NE,SD,4,10,52,SD,23,652,1,0,0,18,25,25,False,1,True,1
IND,SD,4,0,33,SD,26,33,1,0,0,13,25,25,False,1,True,1
ATL,SD,4,5,17,SD,28,317,1,0,0,1,25,25,False,1,True,1
ATL,SD,4,11,43,SD,43,703,1,0,1,1,25,25,False,0,True,1
IND,SD,4,1,35,SD,47,95,1,0,0,13,25,25,False,1,True,1
NYJ,SD,4,2,8,SD,49,128,1,0,0,21,25,25,False,1,True,1
KC,ATL,4,15,0,KC,32,900,0,1,0,15,1,15,True,0,False,0
TEN,KC,4,4,59,KC,26,299,1,0,0,30,15,15,False,1,True,1
DEN,KC,4,3,53,KC,33,233,1,0,0,9,15,15,False,1,True,1
SF,ARI,4,14,37,ARI,23,877,1,0,0,27,0,0,False,1,True,1
SEA,ARI,4,8,31,ARI,23,511,1,0,0,26,0,0,False,1,True,1
SEA,ARI,4,3,31,ARI,32,211,1,0,0,26,0,0,False,1,True,1
BUF,ARI,4,15,0,ARI,38,900,1,0,0,3,0,0,False,1,True,1
NYG,ARI,4,0,42,ARI,44,42,1,0,0,20,0,0,False,1,True,1
ARI,CAR,4,3,14,ARI,20,194,1,0,0,0,4,0,True,1,False,0
ARI,SF,4,2,0,ARI,30,120,1,0,0,0,27,0,True,1,False,0
ARI,STL,4,3,34,ARI,30,214,1,0,0,0,28,0,True,1,False,0
SF,SEA,4,7,45,SEA,32,465,1,0,0,27,26,26,False,1,True,1
STL,SEA,4,4,50,SEA,38,290,1,0,0,28,26,26,False,1,True,1
NYJ,SEA,4,1,52,SEA,38,112,1,0,0,21,26,26,False,1,True,1
SEA,STL,4,0,3,SEA,27,3,1,0,0,26,28,26,True,1,False,0
CLE,BUF,4,11,35,CLE,22,695,1,0,0,7,3,7,True,1,False,0
CLE,BUF,4,1,44,CLE,56,104,1,0,0,7,3,7,True,1,False,0
CLE,CIN,4,0,37,CLE,29,37,1,0,0,7,6,7,True,1,False,0
DAL,CLE,4,10,13,CLE,34,613,1,0,0,8,7,7,False,1,True,1
PIT,CLE,4,3,24,CLE,38,204,1,0,0,24,7,7,False,1,True,1
HOU,CLE,4,7,38,CLE,39,458,0,1,0,12,7,7,False,0,True,1
CLE,JAC,4,4,39,CLE,20,279,1,0,0,7,14,7,True,1,False,0
CLE,JAC,4,4,11,CLE,42,251,1,0,0,7,14,7,True,1,False,0
CLE,TEN,4,13,35,CLE,39,815,1,0,0,7,30,7,True,1,False,0
CLE,WAS,4,0,32,CLE,54,32,0,1,0,7,31,7,True,0,False,0
TEN,BAL,4,12,51,TEN,26,771,1,0,0,30,2,30,True,1,False,0
TEN,DET,4,4,29,TEN,43,269,1,0,0,30,10,30,True,1,False,0
TEN,DET,4,10,28,TEN,45,628,1,0,0,30,10,30,True,1,False,0
TEN,HOU,4,5,27,TEN,34,327,1,0,0,30,12,30,True,1,False,0
BAL,TEN,4,4,26,TEN,27,266,1,0,0,2,30,30,False,1,True,1
GB,TEN,4,0,4,TEN,47,4,0,1,0,11,30,30,False,0,True,1
IND,TEN,4,14,50,TEN,48,890,1,0,0,13,30,30,False,1,True,1
NYJ,TEN,4,12,55,TEN,49,775,1,0,0,21,30,30,False,1,True,1
CHI,ATL,4,4,5,CHI,32,245,1,0,0,5,1,5,True,1,False,0
NO,CHI,4,0,2,CHI,28,2,1,0,0,19,5,5,False,1,True,1
JAC,CHI,4,9,3,CHI,35,543,1,0,0,14,5,5,False,1,True,1
PHI,CHI,4,10,34,CHI,41,634,1,0,0,23,5,5,False,1,True,1
TEN,CHI,4,9,46,CHI,48,586,1,0,1,30,5,5,False,0,True,1
TB,CHI,4,11,12,CHI,49,672,0,1,0,29,5,5,False,0,True,1
CHI,DET,4,12,2,CHI,45,722,1,0,0,5,10,5,True,1,False,0
OAK,BUF,4,0,3,BUF,38,3,1,0,0,22,3,3,False,1,True,1
SF,BUF,4,5,32,BUF,40,332,0,1,0,27,3,3,False,0,True,1
NYJ,BUF,4,11,9,BUF,43,669,0,1,0,21,3,3,False,0,True,1
SD,BUF,4,3,21,BUF,44,201,1,0,0,25,3,3,False,1,True,1
CLE,BUF,4,0,43,BUF,47,43,0,1,0,7,3,3,False,0,True,1
SEA,BUF,4,11,35,BUF,52,695,1,0,1,26,3,3,False,0,True,1
BUF,JAC,4,0,29,BUF,45,29,1,0,0,3,14,3,True,1,False,0
BUF,STL,4,6,26,BUF,45,386,1,0,0,3,28,3,True,1,False,0
MIN,CHI,4,9,3,MIN,23,543,1,0,0,17,5,17,True,1,False,0
MIN,DET,4,0,27,MIN,50,27,1,0,0,17,10,17,True,1,False,0
MIN,JAC,4,14,2,MIN,22,842,1,0,0,17,14,17,True,1,False,0
DET,MIN,4,0,12,MIN,26,12,1,0,0,10,17,17,False,1,True,1
CHI,MIN,4,4,21,MIN,27,261,1,0,0,5,17,17,False,1,True,1
ATL,MIN,4,11,36,MIN,29,696,1,0,0,1,17,17,False,1,True,1
CAR,MIN,4,9,11,MIN,32,551,1,0,0,4,17,17,False,1,True,1
DET,MIN,4,10,9,MIN,38,609,1,0,1,10,17,17,False,0,True,1
IND,MIN,4,7,15,MIN,48,435,0,1,0,13,17,17,False,0,True,1
NYG,MIN,4,0,5,MIN,50,5,1,0,0,20,17,17,False,1,True,1
MIN,NO,4,0,16,MIN,30,16,1,0,0,17,19,17,True,1,False,0
NE,BUF,4,10,18,NE,23,618,1,0,0,18,3,18,True,1,False,0
NE,IND,4,11,38,NE,25,698,1,0,0,18,13,18,True,1,False,0
NE,MIA,4,7,12,NE,30,432,1,0,0,18,16,18,True,1,False,0
ARI,NE,4,14,55,NE,30,895,1,0,0,0,18,18,False,1,True,1
KC,NE,4,2,30,NE,37,150,1,0,0,15,18,18,False,1,True,1
STL,NE,4,8,29,NE,41,509,1,0,0,28,18,18,False,1,True,1
NYJ,NE,4,10,22,NE,47,622,1,0,0,21,18,18,False,1,True,1
NE,NYJ,4,5,22,NE,27,322,1,0,0,18,21,18,True,1,False,0
NE,SEA,4,12,22,NE,27,742,1,0,0,18,26,18,True,1,False,0
NE,SF,4,14,57,NE,40,897,1,0,0,18,27,18,True,1,False,0
NE,SF,4,4,47,NE,49,287,1,0,0,18,27,18,True,1,False,0
KC,CIN,4,6,21,CIN,43,381,1,0,0,15,6,6,False,1,True,1
WAS,CIN,4,2,25,CIN,45,145,1,0,0,31,6,6,False,1,True,1
CIN,DAL,4,14,6,CIN,40,846,1,0,0,6,8,6,True,1,False,0
CIN,NYG,4,0,4,CIN,21,4,1,0,0,6,20,6,True,1,False,0
CIN,PIT,4,6,50,CIN,26,410,1,0,0,6,24,6,True,1,False,0
OAK,KC,4,7,45,OAK,40,465,1,0,0,22,15,22,True,1,False,0
OAK,MIA,4,8,7,OAK,37,487,1,0,0,22,16,22,True,1,False,0
SD,OAK,4,2,52,OAK,32,172,1,0,0,25,22,22,False,1,True,1
NYJ,OAK,4,3,1,OAK,37,181,1,0,0,21,22,22,False,1,True,1
KC,OAK,4,2,59,OAK,51,179,1,0,0,15,22,22,False,1,True,1
CAR,OAK,4,0,13,OAK,58,13,0,1,0,4,22,22,False,0,True,1
OAK,TB,4,1,13,OAK,25,73,1,0,0,22,29,22,True,1,False,0
WAS,BAL,4,13,45,WAS,43,825,1,0,0,31,2,31,True,1,False,0
WAS,CIN,4,1,47,WAS,36,107,1,0,0,31,6,31,True,1,False,0
WAS,DAL,4,3,26,WAS,29,206,1,0,0,31,8,31,True,1,False,0
WAS,DAL,4,10,51,WAS,33,651,1,0,0,31,8,31,True,1,False,0
WAS,DET,4,2,0,WAS,42,120,1,0,0,31,10,31,True,1,False,0
WAS,SEA,4,9,23,WAS,22,563,1,0,0,31,26,31,True,1,False,0
STL,WAS,4,10,43,WAS,38,643,1,0,0,28,31,31,False,1,True,1
ARI,WAS,4,3,29,WAS,52,209,0,1,0,0,31,31,False,0,True,1
OAK,NO,4,14,14,NO,33,854,1,0,0,22,19,19,False,1,True,1
CIN,NYG,5,-7,43,NYG,22,-377,1,0,0,6,20,20,False,1,True,1
TB,ATL,5,-11,8,ATL,34,-652,1,0,0,29,1,1,False,1,True,1
NYJ,NE,5,-8,15,NYJ,34,-465,1,0,0,21,18,21,True,1,False,0
SF,SEA,5,-5,24,SF,40,-276,1,0,0,27,26,27,True,1,False,0
HOU,JAC,5,-4,30,JAC,37,-210,1,0,0,12,14,14,False,1,True,1
BAL,PIT,5,-6,1,PIT,46,-359,1,0,0,2,24,24,False,1,True,1
TB,CHI,5,-11,24,TB,21,-636,1,0,0,29,5,29,True,1,False,0
TB,KC,5,-5,27,TB,34,-273,1,0,0,29,15,29,True,1,False,0
GB,TEN,5,-6,41,TEN,41,-319,1,0,0,11,30,30,False,1,True,1
NO,CHI,5,-3,19,CHI,35,-161,1,0,0,19,5,5,False,1,True,1
GB,CHI,5,-4,33,CHI,38,-207,1,0,0,11,5,5,False,1,True,1
PHI,CIN,5,-15,13,CIN,47,-887,0,1,0,23,6,6,False,0,True,1
NYJ,OAK,5,-13,35,OAK,57,-745,1,0,0,21,22,22,False,1,True,1
